{
    "arr_boxes": [
        {
            "x": 477.8745675086975,
            "y": 671.2613439559937,
            "width": 75.81074953079224,
            "height": 100.17635464668274,
            "genre": "mujer",
            "class": "zapatos"
        },
        {
            "x": 290.96017599105835,
            "y": 457.90713608264923,
            "width": 136.23164892196655,
            "height": 105.31824588775635,
            "genre": "mujer",
            "class": "bolso"
        },
        {
            "x": 334.1766142845154,
            "y": 302.78870165348053,
            "width": 137.8582262992859,
            "height": 178.5660320520401,
            "genre": "mujer",
            "class": "camisas"
        },
        {
            "x": 409.71590280532837,
            "y": 463.7241232395172,
            "width": 135.0467348098755,
            "height": 272.5193667411804,
            "genre": "mujer",
            "class": "pantalones"
        }
    ],
    "file_name": "02jp7jlnc7fb7x0r1a21iyy9obp0oh9fyp108n4pz6h4zu0qvy9k5tthlwkc9pl2.jpg"
}