{
    "arr_boxes": [
        {
            "x": 731.8517374992371,
            "y": 1205.1105827093124,
            "width": 299.7420072555542,
            "height": 148.97967875003815,
            "genre": "mujer",
            "class": "gafas de sol"
        },
        {
            "x": 110.98487377166748,
            "y": 777.1655291318893,
            "width": 669.9978947639465,
            "height": 574.6079474687576,
            "genre": "mujer",
            "class": "trajes de ba\u00f1o"
        }
    ],
    "file_name": "02zitxzc99e348x8bw9srsjwgfshe2asc6mb8epdra1c7ltwmf1l3g7ihx0y28uv.jpg"
}