{
    "arr_boxes": [
        {
            "x": 585.640082359314,
            "y": 1089.4923105239868,
            "width": 84.07888412475586,
            "height": 74.89639699459076,
            "genre": "hombre",
            "class": "zapatos"
        },
        {
            "x": 720.878005027771,
            "y": 1081.227711379528,
            "width": 97.58859157562256,
            "height": 74.46493482589722,
            "genre": "mujer",
            "class": "zapatos"
        },
        {
            "x": 139.69176292419434,
            "y": 909.8977507352829,
            "width": 192.59222030639648,
            "height": 176.7137497663498,
            "genre": "chico",
            "class": "camisas"
        },
        {
            "x": 144.15448665618896,
            "y": 1059.2224171161652,
            "width": 169.36650037765503,
            "height": 211.6732815504074,
            "genre": "chico",
            "class": "pantalones"
        },
        {
            "x": 551.400203704834,
            "y": 621.0514780580997,
            "width": 191.9678020477295,
            "height": 232.82067689299583,
            "genre": "mujer",
            "class": "camisas"
        },
        {
            "x": 601.6124439239502,
            "y": 783.3654794692993,
            "width": 187.6451539993286,
            "height": 327.08241629600525,
            "genre": "mujer",
            "class": "pantalones"
        }
    ],
    "file_name": "03rsqznu7ixtt5rxamda0tqkjfqntk3augm4f4vl5tpx17t9iuv6le6003n403uq.jpg"
}