{
    "arr_boxes": [
        {
            "x": 352.37679183483124,
            "y": 379.43282425403595,
            "width": 82.9466700553894,
            "height": 59.2787504196167,
            "genre": "mujer",
            "class": "sombreros"
        },
        {
            "x": 197.6293846964836,
            "y": 693.808776140213,
            "width": 132.21677094697952,
            "height": 202.61718034744263,
            "genre": "hombre",
            "class": "pantalones"
        },
        {
            "x": 325.90062618255615,
            "y": 470.92283964157104,
            "width": 155.81552982330322,
            "height": 194.66722011566162,
            "genre": "mujer",
            "class": "camisas"
        },
        {
            "x": 346.550577878952,
            "y": 625.0759363174438,
            "width": 158.59225988388062,
            "height": 252.5235414505005,
            "genre": "mujer",
            "class": "pantalones"
        },
        {
            "x": 157.83686935901642,
            "y": 474.0750789642334,
            "width": 176.3957977294922,
            "height": 265.75841903686523,
            "genre": "hombre",
            "class": "camisas"
        }
    ],
    "file_name": "041kdbz78ggim0f72gu9fmbcpxg0ufm13qzn26xhg4inte7proexkx9bdukhv586.jpg"
}