{
    "arr_boxes": [
        {
            "x": 376.0695308446884,
            "y": 123.23498868942261,
            "width": 97.0965027809143,
            "height": 37.97908973693848,
            "genre": "hombre",
            "class": "gafas de sol"
        },
        {
            "x": 367.96608567237854,
            "y": 188.60873365402222,
            "width": 244.1592514514923,
            "height": 267.1385221481323,
            "genre": "hombre",
            "class": "camisas"
        }
    ],
    "file_name": "04yp4b3vy16qocfx45q48hxub30hqdhwil5ggxf8jsoy1upf32vl2nd5oesy5bu5.jpg"
}