{
    "arr_boxes": [
        {
            "x": 220.70383071899414,
            "y": 106.99503421783447,
            "width": 78.73635292053223,
            "height": 43.25338840484619,
            "genre": "hombre",
            "class": "gafas de sol"
        },
        {
            "x": 209.41458463668823,
            "y": 670.3690910339355,
            "width": 96.20594501495361,
            "height": 50.03070831298828,
            "genre": "hombre",
            "class": "zapatos"
        },
        {
            "x": 245.411696434021,
            "y": 616.3928747177124,
            "width": 81.89620971679688,
            "height": 70.47832489013672,
            "genre": "hombre",
            "class": "zapatos"
        },
        {
            "x": 389.84328746795654,
            "y": 560.5943441390991,
            "width": 51.98112487792969,
            "height": 144.99807357788086,
            "genre": "hombre",
            "class": "botas"
        },
        {
            "x": 450.6596088409424,
            "y": 567.2951030731201,
            "width": 76.55685424804688,
            "height": 156.39853477478027,
            "genre": "hombre",
            "class": "botas"
        },
        {
            "x": 304.87826585769653,
            "y": 18.388956785202026,
            "width": 132.35360383987427,
            "height": 106.85585975646973,
            "genre": "hombre",
            "class": "sombreros"
        },
        {
            "x": 178.26135993003845,
            "y": 383.94800662994385,
            "width": 143.8502275943756,
            "height": 171.4145278930664,
            "genre": "hombre",
            "class": "pantalones cortos"
        },
        {
            "x": 295.0202679634094,
            "y": 248.00708770751953,
            "width": 223.7892508506775,
            "height": 218.4400463104248,
            "genre": "hombre",
            "class": "camisas"
        },
        {
            "x": 130.73459029197693,
            "y": 167.6413357257843,
            "width": 221.9819462299347,
            "height": 256.0558497905731,
            "genre": "hombre",
            "class": "camisas"
        }
    ],
    "file_name": "066euvpb10kuc7o4upqy47aw501tmp7pcv9o87wg2l9almyope0a4cdl5lmcdeyt.jpg"
}