{
    "arr_boxes": [
        {
            "x": 565.2798628807068,
            "y": 264.17172253131866,
            "width": 151.1672830581665,
            "height": 139.1601441502571,
            "genre": "mujer",
            "class": "camisas"
        },
        {
            "x": 413.51877093315125,
            "y": 374.1636138856411,
            "width": 124.33358430862427,
            "height": 171.54265621304512,
            "genre": "hombre",
            "class": "pantalones"
        },
        {
            "x": 411.92083954811096,
            "y": 247.3730974495411,
            "width": 143.89805674552917,
            "height": 171.58494529128075,
            "genre": "hombre",
            "class": "camisas"
        },
        {
            "x": 559.8976993560791,
            "y": 360.69430136680603,
            "width": 151.56407833099365,
            "height": 203.9754136800766,
            "genre": "mujer",
            "class": "pantalones"
        }
    ],
    "file_name": "09qm08fvxn5d7d0ziku8l74hby2vzos95yuyvyiz52lmg14w53r5l859zx49m22n.jpg"
}