{
    "arr_boxes": [
        {
            "x": 655.448305606842,
            "y": 188.92697955667973,
            "width": 333.903865814209,
            "height": 215.65419547259808,
            "genre": "mujer",
            "class": "gafas de sol"
        },
        {
            "x": 0.0,
            "y": 855.969080388546,
            "width": 440.0975525379181,
            "height": 385.80195701122284,
            "genre": "mujer",
            "class": "gafas de sol"
        }
    ],
    "file_name": "0b98kp5btoej6gpg5c7whacnehs3ej7pvm768wnk7868ko9l63ikwcl53lwedaso.jpg"
}