{
    "arr_boxes": [
        {
            "x": 445.85362672805786,
            "y": 324.6530610322952,
            "width": 69.64851379394531,
            "height": 134.7253042459488,
            "genre": "mujer",
            "class": "camisas ocultas debajo de la chaqueta"
        },
        {
            "x": 354.5391511917114,
            "y": 283.5758909583092,
            "width": 317.50812292099,
            "height": 514.2686167359352,
            "genre": "mujer",
            "class": "abrigos"
        }
    ],
    "file_name": "0b9t08fa81ocz8abg4rz8e2ewsucmggckckmnr2r7457jk6rlb1cpsbpaf8xzbtl.jpg"
}