{
    "arr_boxes": [
        {
            "x": 615.8409404754639,
            "y": 516.2372755408287,
            "width": 72.11490154266357,
            "height": 42.910595655441284,
            "genre": "mujer",
            "class": "pulseras"
        },
        {
            "x": 369.5963215827942,
            "y": 635.0087978839874,
            "width": 64.4057822227478,
            "height": 99.28735685348511,
            "genre": "mujer",
            "class": "pulseras"
        },
        {
            "x": 229.41548466682434,
            "y": 890.4389441013336,
            "width": 229.05560731887817,
            "height": 228.53838300704956,
            "genre": "mujer",
            "class": "zapatos"
        },
        {
            "x": 517.0360207557678,
            "y": 988.4552235603333,
            "width": 224.68152523040771,
            "height": 259.12833738327026,
            "genre": "mujer",
            "class": "zapatos"
        },
        {
            "x": 311.65339708328247,
            "y": 247.5867029428482,
            "width": 286.6681694984436,
            "height": 566.6016629934311,
            "genre": "mujer",
            "class": "camisas"
        },
        {
            "x": 313.54657530784607,
            "y": 574.4580243229866,
            "width": 574.3416845798492,
            "height": 442.4428305029869,
            "genre": "mujer",
            "class": "pantalones"
        }
    ],
    "file_name": "0byyi3xn645qmrmh3d5vtfccp2z3arsrjsm4qplhzzi7o301qct9y2ggole3tkvd.jpg"
}