{
    "arr_boxes": [
        {
            "x": 507.8633165359497,
            "y": 673.725414276123,
            "width": 167.72170543670654,
            "height": 136.20519161224365,
            "genre": "hombre",
            "class": "camisas"
        },
        {
            "x": 521.8465197086334,
            "y": 795.6938052177429,
            "width": 136.95310950279236,
            "height": 207.42363452911377,
            "genre": "hombre",
            "class": "pantalones"
        }
    ],
    "file_name": "0e9z8vn96fy24s1bu7vyvz1at1h9pk7j8yh59lanjm7548flez6zeyvg30sgzi73.jpg"
}