{
    "arr_boxes": [
        {
            "x": 427.5878155231476,
            "y": 43.40765619277954,
            "width": 99.70826625823975,
            "height": 55.29753841459751,
            "genre": "mujer",
            "class": "gafas de sol"
        },
        {
            "x": 226.7652153968811,
            "y": 641.5390824079514,
            "width": 103.0016541481018,
            "height": 109.89207780361176,
            "genre": "mujer",
            "class": "zapatos"
        },
        {
            "x": 50.86780697107315,
            "y": 659.5745803713799,
            "width": 213.10987204313278,
            "height": 113.75167107582092,
            "genre": "mujer",
            "class": "zapatos"
        },
        {
            "x": 331.49789214134216,
            "y": 176.56692780554295,
            "width": 299.36565041542053,
            "height": 336.2337209433317,
            "genre": "mujer",
            "class": "chaquetas"
        },
        {
            "x": 205.49468100070953,
            "y": 366.19460731744766,
            "width": 359.1934007406235,
            "height": 330.86547911167145,
            "genre": "mujer",
            "class": "pantalones"
        }
    ],
    "file_name": "0eq930tsm6kv07e33td556qkwz5odvp95km7fxd1uac7hmgqw25e1zja8i0g0rh2.jpg"
}