{
    "arr_boxes": [
        {
            "x": 828.2109975814819,
            "y": 947.2811222076416,
            "width": 65.52748203277588,
            "height": 70.34860253334045,
            "genre": "hombre",
            "class": "zapatos"
        },
        {
            "x": 847.0407485961914,
            "y": 462.2744992375374,
            "width": 76.08027935028076,
            "height": 71.97104394435883,
            "genre": "hombre",
            "class": "sombreros"
        },
        {
            "x": 62.57515847682953,
            "y": 1114.5510256290436,
            "width": 78.19124758243561,
            "height": 85.25739312171936,
            "genre": "hombre",
            "class": "zapatos"
        },
        {
            "x": 174.84699368476868,
            "y": 1115.5776143074036,
            "width": 80.9923267364502,
            "height": 84.10962224006653,
            "genre": "hombre",
            "class": "zapatos"
        },
        {
            "x": 350.7644462585449,
            "y": 1217.573520541191,
            "width": 76.3972520828247,
            "height": 117.55558848381042,
            "genre": "hombre",
            "class": "zapatos"
        },
        {
            "x": 692.4856424331665,
            "y": 1187.5382781028748,
            "width": 81.12866878509521,
            "height": 137.66217827796936,
            "genre": "hombre",
            "class": "zapatos"
        },
        {
            "x": 460.0750422477722,
            "y": 1175.5596667528152,
            "width": 94.14450645446777,
            "height": 120.93307971954346,
            "genre": "hombre",
            "class": "zapatos"
        },
        {
            "x": 508.9702105522156,
            "y": 651.9273430109024,
            "width": 58.5291051864624,
            "height": 199.5594084262848,
            "genre": "hombre",
            "class": "camisas ocultas debajo de la chaqueta"
        },
        {
            "x": 562.4822115898132,
            "y": 1156.5059781074524,
            "width": 87.84225940704346,
            "height": 143.59093308448792,
            "genre": "hombre",
            "class": "zapatos"
        },
        {
            "x": 324.5105230808258,
            "y": 784.4821661710739,
            "width": 145.85489988327026,
            "height": 117.68562197685242,
            "genre": "hombre",
            "class": "bolso"
        },
        {
            "x": 814.9294281005859,
            "y": 751.7698109149933,
            "width": 158.5916805267334,
            "height": 228.19526195526123,
            "genre": "hombre",
            "class": "pantalones"
        },
        {
            "x": 803.6600947380066,
            "y": 541.8222069740295,
            "width": 176.31524562835693,
            "height": 237.19275891780853,
            "genre": "hombre",
            "class": "camisas"
        },
        {
            "x": 579.8179292678833,
            "y": 589.1633301973343,
            "width": 158.40538501739502,
            "height": 318.59219670295715,
            "genre": "hombre",
            "class": "camisas ocultas debajo de la chaqueta"
        },
        {
            "x": 53.23114961385727,
            "y": 827.4726390838623,
            "width": 186.30213171243668,
            "height": 320.9155797958374,
            "genre": "hombre",
            "class": "pantalones"
        },
        {
            "x": 23.841946721076965,
            "y": 565.1128470897675,
            "width": 213.76571238040924,
            "height": 284.1333210468292,
            "genre": "hombre",
            "class": "chaquetas"
        },
        {
            "x": 583.2290554046631,
            "y": 858.5658520460129,
            "width": 201.90815448760986,
            "height": 337.2378408908844,
            "genre": "hombre",
            "class": "pantalones"
        },
        {
            "x": 572.6846265792847,
            "y": 576.4196455478668,
            "width": 221.0766363143921,
            "height": 366.77234172821045,
            "genre": "hombre",
            "class": "chaquetas"
        },
        {
            "x": 354.2853283882141,
            "y": 824.1447150707245,
            "width": 204.78060722351074,
            "height": 402.4591326713562,
            "genre": "hombre",
            "class": "pantalones"
        },
        {
            "x": 320.4047155380249,
            "y": 550.3614887595177,
            "width": 261.8855881690979,
            "height": 338.3781686425209,
            "genre": "hombre",
            "class": "chaquetas"
        }
    ],
    "file_name": "0gjsz8ieumbg45kvqxeul9q1w2l21mbyktjs8simkqljaadta4wiwd9qtxgkmc9m.jpg"
}