{
    "arr_boxes": [
        {
            "x": 16.636406779289246,
            "y": 631.9996297359467,
            "width": 103.09916317462921,
            "height": 82.9716682434082,
            "genre": "mujer",
            "class": "zapatos"
        },
        {
            "x": 17.014281749725342,
            "y": 395.7848846912384,
            "width": 257.0836400985718,
            "height": 231.4697027206421,
            "genre": "mujer",
            "class": "pantalones"
        }
    ],
    "file_name": "0gq5nnioicgymk8ddbdwna7n5yrahyvipx7kuxu9eyd26706f1brlmnfjqb79yuj.jpg"
}