{
    "arr_boxes": [
        {
            "x": 498.50077629089355,
            "y": 724.474139213562,
            "width": 44.12235975265503,
            "height": 58.576998710632324,
            "genre": "mujer",
            "class": "relojes"
        },
        {
            "x": 70.7312759757042,
            "y": 968.1386876106262,
            "width": 221.86854511499405,
            "height": 78.25879096984863,
            "genre": "mujer",
            "class": "zapatos"
        },
        {
            "x": 614.3523144721985,
            "y": 600.3910303115845,
            "width": 207.013578414917,
            "height": 238.60669612884521,
            "genre": "mujer",
            "class": "camisas"
        },
        {
            "x": 277.5037693977356,
            "y": 761.8095874786377,
            "width": 394.7979712486267,
            "height": 253.60754013061523,
            "genre": "mujer",
            "class": "pantalones"
        }
    ],
    "file_name": "0ldvfkgq6lvcg9kbd78qoark8kgb8u1egkdleyx40yoflp7qew44zh0mggb808rz.jpg"
}