{
    "arr_boxes": [
        {
            "x": 395.318940281868,
            "y": 381.74425905942917,
            "width": 97.73281216621399,
            "height": 109.9241555929184,
            "genre": "mujer",
            "class": "pantalones"
        },
        {
            "x": 348.81504625082016,
            "y": 147.73211416602135,
            "width": 153.8502350449562,
            "height": 287.6397869884968,
            "genre": "mujer",
            "class": "camisas"
        }
    ],
    "file_name": "0m776s2cuf69zhnsko1xktwftxgusy5e274z1sduih4fupgctaot3f7g8d33tk1x.jpg"
}