{
    "arr_boxes": [
        {
            "x": 252.02069699764252,
            "y": 695.6916600465775,
            "width": 186.02718651294708,
            "height": 206.4354121685028,
            "genre": "mujer",
            "class": "camisas"
        },
        {
            "x": 288.79894852638245,
            "y": 844.2176699638367,
            "width": 116.47705078125,
            "height": 334.6130311489105,
            "genre": "mujer",
            "class": "pantalones"
        }
    ],
    "file_name": "0n26ibtb09w9469tupjw6gqtrm4ke5z22a2f3x1kedgyppir4sqmgn25i99ofs1j.jpg"
}