{
    "arr_boxes": [
        {
            "x": 382.42196917533875,
            "y": 907.4029397964478,
            "width": 44.45748567581177,
            "height": 62.131547927856445,
            "genre": "hombre",
            "class": "zapatos"
        },
        {
            "x": 652.9929256439209,
            "y": 941.8560218811035,
            "width": 62.04747676849365,
            "height": 60.39412021636963,
            "genre": "hombre",
            "class": "zapatos"
        },
        {
            "x": 198.4719067811966,
            "y": 933.2432341575623,
            "width": 57.351014614105225,
            "height": 68.81153583526611,
            "genre": "hombre",
            "class": "zapatos"
        },
        {
            "x": 369.2375385761261,
            "y": 773.3042907714844,
            "width": 64.7904109954834,
            "height": 182.93729782104492,
            "genre": "hombre",
            "class": "pantalones"
        },
        {
            "x": 568.5254216194153,
            "y": 745.6390857696533,
            "width": 115.86692333221436,
            "height": 204.0542221069336,
            "genre": "hombre",
            "class": "pantalones"
        },
        {
            "x": 745.2164769172668,
            "y": 761.3798975944519,
            "width": 112.5045919418335,
            "height": 213.79836559295654,
            "genre": "hombre",
            "class": "pantalones"
        },
        {
            "x": 331.99610710144043,
            "y": 556.9175505638123,
            "width": 130.25371313095093,
            "height": 205.75469970703125,
            "genre": "hombre",
            "class": "chaquetas"
        },
        {
            "x": 469.5576059818268,
            "y": 539.9495315551758,
            "width": 128.56517672538757,
            "height": 216.91556453704834,
            "genre": "hombre",
            "class": "chaquetas"
        },
        {
            "x": 641.2012696266174,
            "y": 564.1995549201965,
            "width": 123.51057529449463,
            "height": 240.60032844543457,
            "genre": "hombre",
            "class": "abrigos"
        },
        {
            "x": 734.537250995636,
            "y": 573.3371114730835,
            "width": 130.23021697998047,
            "height": 228.8532829284668,
            "genre": "hombre",
            "class": "abrigos"
        },
        {
            "x": 111.21653616428375,
            "y": 553.1934428215027,
            "width": 160.55372178554535,
            "height": 193.82637977600098,
            "genre": "hombre",
            "class": "chaquetas"
        },
        {
            "x": 121.69562637805939,
            "y": 714.2152690887451,
            "width": 133.9321804046631,
            "height": 253.03603649139404,
            "genre": "hombre",
            "class": "pantalones"
        }
    ],
    "file_name": "0o7qraa541hqdttqy81xapng0pmghj9ldieyqk6hxg2za4mn2vz5ytilrier60lm.jpg"
}