{
    "arr_boxes": [
        {
            "x": 658.967707157135,
            "y": 1289.3330275416374,
            "width": 112.70788192749023,
            "height": 54.19055485725403,
            "genre": "mujer",
            "class": "pulseras"
        },
        {
            "x": 335.39748072624207,
            "y": 650.432998418808,
            "width": 452.74028420448303,
            "height": 710.0894376039505,
            "genre": "mujer",
            "class": "monos"
        }
    ],
    "file_name": "0o8rbb1bkfo31ehci8pik4w791sgzi1vzxzpg01dhtuhcx5vretesygfmphpjjp3.jpg"
}