{
    "arr_boxes": [
        {
            "x": 710.8976125717163,
            "y": 436.6595506668091,
            "width": 39.741196632385254,
            "height": 27.67801523208618,
            "genre": "mujer",
            "class": "gafas de sol"
        },
        {
            "x": 906.3626718521118,
            "y": 435.5397981405258,
            "width": 45.175437927246094,
            "height": 29.214277267456055,
            "genre": "mujer",
            "class": "gafas de sol"
        },
        {
            "x": 662.2154545783997,
            "y": 611.9663608074188,
            "width": 101.16876125335693,
            "height": 168.00459265708923,
            "genre": "mujer",
            "class": "pantalones"
        },
        {
            "x": 915.6342530250549,
            "y": 608.5418289899826,
            "width": 86.29666328430176,
            "height": 209.15367543697357,
            "genre": "mujer",
            "class": "pantalones"
        },
        {
            "x": 664.1284275054932,
            "y": 461.3302677869797,
            "width": 127.28579521179199,
            "height": 173.05349707603455,
            "genre": "mujer",
            "class": "chaquetas"
        },
        {
            "x": 903.132176399231,
            "y": 468.56161057949066,
            "width": 112.07303524017334,
            "height": 205.4858136177063,
            "genre": "mujer",
            "class": "abrigos"
        },
        {
            "x": 660.0675845146179,
            "y": 478.2824993133545,
            "width": 122.86800384521484,
            "height": 204.7864329814911,
            "genre": "mujer",
            "class": "abrigos"
        }
    ],
    "file_name": "0olqe8n8g9qs4812ij5tpc30f2xfa3bm5z8wjx7j1x8dwjl928go960tqrfqtd5c.jpg"
}