{
    "arr_boxes": [
        {
            "x": 609.8769092559814,
            "y": 641.4622378349304,
            "width": 100.9603214263916,
            "height": 134.34043407440186,
            "genre": "mujer",
            "class": "pantalones cortos"
        },
        {
            "x": 624.4823098182678,
            "y": 744.2427062988281,
            "width": 105.52758693695068,
            "height": 259.81799125671387,
            "genre": "mujer",
            "class": "pantalones"
        }
    ],
    "file_name": "0pxgi6pxejy2mh6m6ol2m7316uc393fgs7gb6nfb6qyjgmn4ecgs1avp1qzsqhxn.jpg"
}