{
    "arr_boxes": [
        {
            "x": 105.36516374349594,
            "y": 599.4124771356583,
            "width": 44.28343337774277,
            "height": 39.49492168426514,
            "genre": "hombre",
            "class": "zapatos"
        },
        {
            "x": 255.29201263189316,
            "y": 590.9800868034363,
            "width": 41.506261229515076,
            "height": 43.06231665611267,
            "genre": "hombre",
            "class": "zapatos"
        },
        {
            "x": 203.60488712787628,
            "y": 590.5869977474213,
            "width": 40.474798798561096,
            "height": 45.649062156677246,
            "genre": "mujer",
            "class": "zapatos"
        },
        {
            "x": 150.33416557312012,
            "y": 589.9796812534332,
            "width": 45.360485196113586,
            "height": 43.80418586730957,
            "genre": "hombre",
            "class": "zapatos"
        },
        {
            "x": 72.73630258440971,
            "y": 613.0807161331177,
            "width": 40.205286860466,
            "height": 52.124340534210205,
            "genre": "hombre",
            "class": "zapatos"
        },
        {
            "x": 307.7803365588188,
            "y": 584.1501746177673,
            "width": 46.453878462314606,
            "height": 48.75076651573181,
            "genre": "hombre",
            "class": "zapatos"
        },
        {
            "x": 114.69428086280823,
            "y": 230.48102003335953,
            "width": 57.386693239212036,
            "height": 44.24942934513092,
            "genre": "hombre",
            "class": "sombreros"
        },
        {
            "x": 493.9574964046478,
            "y": 273.76140558719635,
            "width": 98.1306381225586,
            "height": 116.886514544487,
            "genre": "hombre",
            "class": "abrigos"
        },
        {
            "x": 289.53643119335175,
            "y": 428.2903232574463,
            "width": 73.10001158714294,
            "height": 181.01064038276672,
            "genre": "hombre",
            "class": "pantalones"
        },
        {
            "x": 391.2388138771057,
            "y": 275.265713095665,
            "width": 111.38599133491516,
            "height": 122.57776927947998,
            "genre": "hombre",
            "class": "abrigos"
        },
        {
            "x": 202.8487902879715,
            "y": 443.0564067363739,
            "width": 97.18006992340088,
            "height": 153.30977249145508,
            "genre": "hombre",
            "class": "pantalones"
        },
        {
            "x": 75.74738202989101,
            "y": 437.3440138101578,
            "width": 98.68950445950031,
            "height": 181.89519238471985,
            "genre": "hombre",
            "class": "pantalones"
        },
        {
            "x": 276.6106711626053,
            "y": 290.8078120946884,
            "width": 100.990797996521,
            "height": 180.99307942390442,
            "genre": "hombre",
            "class": "abrigos"
        },
        {
            "x": 142.5807380080223,
            "y": 272.5658579468727,
            "width": 98.48856461048126,
            "height": 221.47228878736496,
            "genre": "mujer",
            "class": "abrigos"
        },
        {
            "x": 63.47784596681595,
            "y": 279.5346521139145,
            "width": 116.76690083742142,
            "height": 197.0463161468506,
            "genre": "hombre",
            "class": "abrigos"
        }
    ],
    "file_name": "0qlz7t4i22naelcn5vnkuh0wz0favjofd58986joqkby9yu309y3xzpn3p46gdav.jpg"
}