{
    "arr_boxes": [
        {
            "x": 77.85974264144897,
            "y": 445.9295064210892,
            "width": 143.95988702774048,
            "height": 223.9340901374817,
            "genre": "mujer",
            "class": "camisas"
        },
        {
            "x": 354.10959005355835,
            "y": 175.55036544799805,
            "width": 275.97651958465576,
            "height": 134.29482579231262,
            "genre": "mujer",
            "class": "gafas de sol"
        },
        {
            "x": 383.1376361846924,
            "y": 553.4221440553665,
            "width": 250.65886974334717,
            "height": 274.7356653213501,
            "genre": "mujer",
            "class": "collares"
        },
        {
            "x": 191.57280921936035,
            "y": 594.2772433161736,
            "width": 688.8693594932556,
            "height": 747.959853708744,
            "genre": "mujer",
            "class": "camisas"
        }
    ],
    "file_name": "0sm0ndiub30x4ekz74743qijs0lrzrwizkgku4vt9pgcr9763y4rflo5y15zynla.jpg"
}