{
    "arr_boxes": [
        {
            "x": 774.1945695877075,
            "y": 347.6074889302254,
            "width": 312.2214889526367,
            "height": 304.32037711143494,
            "genre": "mujer",
            "class": "gafas de sol"
        },
        {
            "x": 381.45090222358704,
            "y": 939.0107184648514,
            "width": 700.0545251369476,
            "height": 432.2838753461838,
            "genre": "mujer",
            "class": "chaquetas"
        }
    ],
    "file_name": "0sqjx39spanq1ebrhbtgbdjwmcevvfb653pornf75hcd61ki8vt79z2c7r769wa5.jpg"
}