{
    "arr_boxes": [
        {
            "x": 186.11624836921692,
            "y": 116.94547533988953,
            "width": 83.15187692642212,
            "height": 39.952464401721954,
            "genre": "mujer",
            "class": "gafas de sol"
        },
        {
            "x": 188.0226954817772,
            "y": 677.0191937685013,
            "width": 105.18814623355865,
            "height": 66.6644275188446,
            "genre": "mujer",
            "class": "zapatos"
        },
        {
            "x": 403.98184955120087,
            "y": 667.805403470993,
            "width": 95.46098113059998,
            "height": 76.09659433364868,
            "genre": "hombre",
            "class": "zapatos"
        },
        {
            "x": 286.03700548410416,
            "y": 659.9593609571457,
            "width": 102.49491780996323,
            "height": 78.37718725204468,
            "genre": "hombre",
            "class": "zapatos"
        },
        {
            "x": 288.540780544281,
            "y": 380.5573582649231,
            "width": 159.2932641506195,
            "height": 195.84640860557556,
            "genre": "hombre",
            "class": "pantalones cortos"
        },
        {
            "x": 98.95220026373863,
            "y": 184.76340919733047,
            "width": 219.55176070332527,
            "height": 176.93911492824554,
            "genre": "mujer",
            "class": "camisas"
        },
        {
            "x": 120.71395665407181,
            "y": 320.84908336400986,
            "width": 180.90668320655823,
            "height": 221.4612141251564,
            "genre": "mujer",
            "class": "falda"
        },
        {
            "x": 281.2122255563736,
            "y": 119.06007304787636,
            "width": 196.788489818573,
            "height": 287.0282493531704,
            "genre": "hombre",
            "class": "camisas"
        }
    ],
    "file_name": "0t0x88qv6mmlenhdf4w8ip3r80azcyvvqww4r7agb85ww9ug9sav95q16emud0pn.jpg"
}