{
    "arr_boxes": [
        {
            "x": 608.6961150169373,
            "y": 519.0185084939003,
            "width": 57.62633800506592,
            "height": 44.78221535682678,
            "genre": "mujer",
            "class": "gafas de sol"
        },
        {
            "x": 656.054892539978,
            "y": 780.5365830659866,
            "width": 88.00460815429688,
            "height": 126.34202241897583,
            "genre": "mujer",
            "class": "bolso"
        },
        {
            "x": 562.4558186531067,
            "y": 583.2766190171242,
            "width": 162.38762855529785,
            "height": 214.2366573214531,
            "genre": "mujer",
            "class": "camisas"
        },
        {
            "x": 532.8805696964264,
            "y": 836.6308271884918,
            "width": 153.73875975608826,
            "height": 286.9349956512451,
            "genre": "mujer",
            "class": "pantalones"
        }
    ],
    "file_name": "0u7sbpd0budlgact6q054qyzzv2ovzlp91j02pp43549kqu9pqy7qhmoux3ljp66.jpg"
}