{
    "arr_boxes": [
        {
            "x": 682.3893141746521,
            "y": 195.75552642345428,
            "width": 120.12120723724365,
            "height": 62.59740740060806,
            "genre": "hombre",
            "class": "gafas de sol"
        },
        {
            "x": 549.6105051040649,
            "y": 1157.6282411813736,
            "width": 178.86441707611084,
            "height": 113.53903412818909,
            "genre": "hombre",
            "class": "zapatos"
        },
        {
            "x": 739.6823930740356,
            "y": 1200.1615047454834,
            "width": 162.34784603118896,
            "height": 131.12799525260925,
            "genre": "hombre",
            "class": "zapatos"
        },
        {
            "x": 806.8720507621765,
            "y": 669.3125635385513,
            "width": 152.79592037200928,
            "height": 236.8478000164032,
            "genre": "hombre",
            "class": "bolso"
        },
        {
            "x": 668.8605523109436,
            "y": 318.7199369072914,
            "width": 277.71806716918945,
            "height": 358.0672189593315,
            "genre": "hombre",
            "class": "camisas"
        },
        {
            "x": 627.0224046707153,
            "y": 661.9447499513626,
            "width": 276.5737724304199,
            "height": 560.7024908065796,
            "genre": "hombre",
            "class": "pantalones"
        }
    ],
    "file_name": "0vodquwz0qusfo9y33wk5hdsyogfb6eaq325gwc9wt1hjf292prgkh4dku7wfsrq.jpg"
}