{
    "arr_boxes": [
        {
            "x": 663.0425834655762,
            "y": 956.776077747345,
            "width": 86.85065746307373,
            "height": 52.383413314819336,
            "genre": "hombre",
            "class": "gafas de sol"
        },
        {
            "x": 230.23791432380676,
            "y": 982.1134901046753,
            "width": 109.37889575958252,
            "height": 88.45573425292969,
            "genre": "hombre",
            "class": "pantalones"
        }
    ],
    "file_name": "0wyi7u6q8hz6jbdsxzvbytggefjxhbv2haegfqtl4t95c2lrgy86wk17ubn5yn3i.jpg"
}