{
    "arr_boxes": [
        {
            "x": 485.16799807548523,
            "y": 957.3117899894714,
            "width": 57.72093415260315,
            "height": 55.58506965637207,
            "genre": "mujer",
            "class": "zapatos"
        },
        {
            "x": 457.4327552318573,
            "y": 649.14142370224,
            "width": 131.9857656955719,
            "height": 287.04005241394043,
            "genre": "mujer",
            "class": "vestidos"
        }
    ],
    "file_name": "0x3l4ea4heedqdcpaw6qodemtfeq1ujw81mm0ymdwmdkm6km2d7jp0heyuzqzvno.jpg"
}