{
    "arr_boxes": [
        {
            "x": 507.40678310394287,
            "y": 625.5095019936562,
            "width": 80.11518001556396,
            "height": 42.59747564792633,
            "genre": "mujer",
            "class": "gafas de sol"
        },
        {
            "x": 620.3592824935913,
            "y": 1099.6951818466187,
            "width": 113.69742393493652,
            "height": 136.75162196159363,
            "genre": "mujer",
            "class": "botas"
        },
        {
            "x": 227.61361956596375,
            "y": 864.7223263978958,
            "width": 143.59373331069946,
            "height": 125.26956796646118,
            "genre": "mujer",
            "class": "bolso"
        },
        {
            "x": 332.1141028404236,
            "y": 682.614603638649,
            "width": 299.8338031768799,
            "height": 269.6049749851227,
            "genre": "mujer",
            "class": "chaquetas"
        },
        {
            "x": 403.3055090904236,
            "y": 868.5052871704102,
            "width": 299.0941572189331,
            "height": 286.61506175994873,
            "genre": "mujer",
            "class": "pantalones"
        }
    ],
    "file_name": "0xyp29l2375v82jj11b4jselm6oasgqiye3md5hj4jdaiy4gxq65a0ywigy6vy2k.jpg"
}