{
    "arr_boxes": [
        {
            "x": 403.02552795410156,
            "y": 800.0666999816895,
            "width": 41.225006103515625,
            "height": 50.596046447753906,
            "genre": "mujer",
            "class": "zapatos"
        },
        {
            "x": 155.15558624267578,
            "y": 771.7411422729492,
            "width": 65.66926574707031,
            "height": 46.03179931640625,
            "genre": "mujer",
            "class": "zapatos"
        },
        {
            "x": 481.6438293457031,
            "y": 803.8945198059082,
            "width": 65.88125610351562,
            "height": 60.172576904296875,
            "genre": "mujer",
            "class": "zapatos"
        },
        {
            "x": 132.14410400390625,
            "y": 593.9967155456543,
            "width": 119.24427795410156,
            "height": 168.4676742553711,
            "genre": "mujer",
            "class": "pantalones"
        },
        {
            "x": 107.28302764892578,
            "y": 454.44342613220215,
            "width": 133.5907745361328,
            "height": 151.92172050476074,
            "genre": "mujer",
            "class": "chaquetas"
        },
        {
            "x": 361.96641540527344,
            "y": 670.034351348877,
            "width": 136.55374145507812,
            "height": 175.7589340209961,
            "genre": "mujer",
            "class": "pantalones"
        }
    ],
    "file_name": "0y05tbntyqm25au9hv16lyjhssicpxblk6z5hivptdillxv1g4jlcrrk7ffa98b8.jpg"
}