{
    "arr_boxes": [
        {
            "x": 244.8054474592209,
            "y": 557.244748622179,
            "width": 122.91163265705109,
            "height": 82.93610841035843,
            "genre": "mujer",
            "class": "relojes"
        },
        {
            "x": 172.90875434875488,
            "y": 974.6096134185791,
            "width": 197.57572174072266,
            "height": 181.8449854850769,
            "genre": "mujer",
            "class": "zapatos"
        },
        {
            "x": 782.0628833770752,
            "y": 1028.4188115596771,
            "width": 245.44246673583984,
            "height": 226.87796294689178,
            "genre": "mujer",
            "class": "zapatos"
        },
        {
            "x": 170.31709671020508,
            "y": 358.10460448265076,
            "width": 571.3600873947144,
            "height": 422.9905578494072,
            "genre": "mujer",
            "class": "camisas"
        },
        {
            "x": 80.50450801849365,
            "y": 663.9760780334473,
            "width": 882.2254943847656,
            "height": 413.8049578666687,
            "genre": "mujer",
            "class": "pantalones"
        }
    ],
    "file_name": "0z3zu050yz0vwjlmb87w2aj9tap33fopliwou4ehllov4th0212vnbbvbo2y1zis.jpg"
}