{
    "arr_boxes": [
        {
            "x": 388.6024761199951,
            "y": 420.7629346847534,
            "width": 58.26796531677246,
            "height": 31.541662216186523,
            "genre": "mujer",
            "class": "gafas de sol"
        },
        {
            "x": 500.0082206726074,
            "y": 412.25157737731934,
            "width": 71.59601211547852,
            "height": 33.970069885253906,
            "genre": "mujer",
            "class": "gafas de sol"
        },
        {
            "x": 283.8475799560547,
            "y": 395.4060173034668,
            "width": 67.77607440948486,
            "height": 36.32835388183594,
            "genre": "mujer",
            "class": "gafas de sol"
        },
        {
            "x": 194.15019750595093,
            "y": 406.41637802124023,
            "width": 72.01812744140625,
            "height": 36.03120803833008,
            "genre": "mujer",
            "class": "gafas de sol"
        },
        {
            "x": 525.1910734176636,
            "y": 644.6284675598145,
            "width": 140.96025466918945,
            "height": 73.73431205749512,
            "genre": "mujer",
            "class": "bolso"
        },
        {
            "x": 236.62580966949463,
            "y": 460.77484130859375,
            "width": 152.73880004882812,
            "height": 236.75228118896484,
            "genre": "mujer",
            "class": "chaquetas"
        },
        {
            "x": 98.81285905838013,
            "y": 446.1546993255615,
            "width": 170.2293348312378,
            "height": 252.47114181518555,
            "genre": "mujer",
            "class": "bufandas"
        },
        {
            "x": 482.6992177963257,
            "y": 469.5537757873535,
            "width": 211.2362766265869,
            "height": 252.09417343139648,
            "genre": "mujer",
            "class": "abrigos"
        }
    ],
    "file_name": "0zot6n0t9707g4audq4l3om71jpqp977hrb3ijuspogcjuyxw0dhwpyc76txcz4j.jpg"
}