{
    "arr_boxes": [
        {
            "x": 319.7307300567627,
            "y": 1049.1779744625092,
            "width": 256.61375999450684,
            "height": 298.31727147102356,
            "genre": "mujer",
            "class": "pantalones"
        },
        {
            "x": 323.6369490623474,
            "y": 600.010746717453,
            "width": 301.76666736602783,
            "height": 553.6756932735443,
            "genre": "mujer",
            "class": "mochilas"
        }
    ],
    "file_name": "0zzadm3whidtyto7egynnwhf70tql58lg00bw5ded08kbqppmiglz25iosqwi6v8.jpg"
}