{
    "arr_boxes": [
        {
            "x": 729.249587059021,
            "y": 557.1099538803101,
            "width": 60.722293853759766,
            "height": 44.92633533477783,
            "genre": "hombre",
            "class": "zapatos"
        },
        {
            "x": 822.8481459617615,
            "y": 515.6974205970764,
            "width": 40.0850772857666,
            "height": 71.0385684967041,
            "genre": "hombre",
            "class": "zapatos"
        },
        {
            "x": 313.0103802680969,
            "y": 551.2063875198364,
            "width": 70.83317041397095,
            "height": 45.539133071899414,
            "genre": "hombre",
            "class": "zapatos"
        },
        {
            "x": 757.5776410102844,
            "y": 392.03076171875,
            "width": 106.55794143676758,
            "height": 116.66266345977783,
            "genre": "hombre",
            "class": "pantalones cortos"
        },
        {
            "x": 229.62804436683655,
            "y": 267.87922525405884,
            "width": 82.29195356369019,
            "height": 155.54444122314453,
            "genre": "hombre",
            "class": "camisas"
        },
        {
            "x": 765.7497310638428,
            "y": 294.97395420074463,
            "width": 110.05558490753174,
            "height": 120.44504642486572,
            "genre": "hombre",
            "class": "camisas"
        },
        {
            "x": 244.77559447288513,
            "y": 395.7719488143921,
            "width": 100.16293287277222,
            "height": 172.7090196609497,
            "genre": "hombre",
            "class": "pantalones"
        }
    ],
    "file_name": "10wrywo7bouhm7im76z14vxov6ms8ot83x39f09thz9rynqpwse81x5o8ojskch6.jpg"
}