{
    "arr_boxes": [
        {
            "x": 486.99358463287354,
            "y": 558.463339805603,
            "width": 248.8897705078125,
            "height": 121.02320194244385,
            "genre": "hombre",
            "class": "gafas de sol"
        },
        {
            "x": 229.2339849472046,
            "y": 780.4178953170776,
            "width": 632.5635051727295,
            "height": 313.9714050292969,
            "genre": "hombre",
            "class": "camisas"
        }
    ],
    "file_name": "11cm6yfy1q81cp5v17fj9ebsl0mkpsnn24zct53vybbinqwuwbpbq1i16busubcr.jpg"
}