{
    "arr_boxes": [
        {
            "x": 524.4322872161865,
            "y": 291.2518606185913,
            "width": 144.76641654968262,
            "height": 93.7008638381958,
            "genre": "hombre",
            "class": "sombreros"
        },
        {
            "x": 443.06466579437256,
            "y": 439.2394275665283,
            "width": 495.76595306396484,
            "height": 164.43591690063477,
            "genre": "hombre",
            "class": "chaquetas"
        }
    ],
    "file_name": "124xgek710q1uz8ybzsr1bux6uxy1hwg03ryp2vbyrkorjwyxm5z3mo1tmmv56po.jpg"
}