{
    "arr_boxes": [
        {
            "x": 527.9489207267761,
            "y": 727.7749733924866,
            "width": 52.388176918029785,
            "height": 70.94397068023682,
            "genre": "mujer",
            "class": "zapatos"
        },
        {
            "x": 409.6842956542969,
            "y": 737.3041200637817,
            "width": 74.80704545974731,
            "height": 74.3312931060791,
            "genre": "mujer",
            "class": "zapatos"
        },
        {
            "x": 448.8997256755829,
            "y": 426.50713419914246,
            "width": 156.93790555000305,
            "height": 154.0478880405426,
            "genre": "mujer",
            "class": "camisas"
        },
        {
            "x": 434.0921938419342,
            "y": 548.0841770172119,
            "width": 147.3233449459076,
            "height": 207.8906764984131,
            "genre": "mujer",
            "class": "pantalones"
        },
        {
            "x": 108.37385594844818,
            "y": 255.7773082256317,
            "width": 330.7010346651077,
            "height": 502.36973786354065,
            "genre": "hombre",
            "class": "camisas"
        }
    ],
    "file_name": "12k1n5zurm60bq6z6tt0vtfjiz0shl7en05f4d7ur0th2iuc3sri6ytvkfm5s13s.jpg"
}