{
    "arr_boxes": [
        {
            "x": 522.2819709777832,
            "y": 528.6122605204582,
            "width": 90.98173141479492,
            "height": 69.82227265834808,
            "genre": "mujer",
            "class": "gafas de sol"
        },
        {
            "x": 462.7987611293793,
            "y": 879.3819934129715,
            "width": 152.5869333744049,
            "height": 214.8254692554474,
            "genre": "mujer",
            "class": "bolso"
        },
        {
            "x": 534.393013715744,
            "y": 921.0912823677063,
            "width": 317.0910179615021,
            "height": 415.40631651878357,
            "genre": "mujer",
            "class": "pantalones"
        },
        {
            "x": 390.6663501262665,
            "y": 523.1211215257645,
            "width": 457.3966419696808,
            "height": 551.0013163089752,
            "genre": "mujer",
            "class": "chaquetas"
        }
    ],
    "file_name": "134zqxm9roiq3esr190rbrwt331q7m4wdw5nhd4o0b7lx485s69a1x6fxzc9g7bv.jpg"
}