{
    "arr_boxes": [
        {
            "x": 695.7133054733276,
            "y": 723.6471390724182,
            "width": 204.2200469970703,
            "height": 370.27777433395386,
            "genre": "hombre",
            "class": "pantalones"
        },
        {
            "x": 609.5460319519043,
            "y": 267.7601730823517,
            "width": 369.80727195739746,
            "height": 551.5934836864471,
            "genre": "hombre",
            "class": "chaquetas"
        }
    ],
    "file_name": "13c6td8e43uuw8tv2ehyf9pox7wjn2wv9c81ptspzfilwxvk77pmb6cn1aj46eam.jpg"
}