{
    "arr_boxes": [
        {
            "x": 417.79590824246407,
            "y": 578.8982046246529,
            "width": 42.728313982486725,
            "height": 38.21154248714447,
            "genre": "mujer",
            "class": "pulseras"
        },
        {
            "x": 414.94386345148087,
            "y": 224.68392795324326,
            "width": 58.95853453874588,
            "height": 42.4951531291008,
            "genre": "mujer",
            "class": "gafas de sol"
        },
        {
            "x": 318.037487000227,
            "y": 945.1719998717308,
            "width": 103.70642244815826,
            "height": 171.34193444252014,
            "genre": "mujer",
            "class": "zapatos"
        },
        {
            "x": 529.7541609406471,
            "y": 836.3524010181427,
            "width": 174.1656174659729,
            "height": 148.46131825447083,
            "genre": "mujer",
            "class": "zapatos"
        }
    ],
    "file_name": "163840fchegyhcyx3j0h46v99ym699g14e4v3n9bfsnlpllz5j3mp44et4w3r0gu.jpg"
}