{
    "arr_boxes": [
        {
            "x": 185.07253468036652,
            "y": 329.52285557985306,
            "width": 69.44696187973022,
            "height": 108.47923457622528,
            "genre": "mujer",
            "class": "anillos"
        },
        {
            "x": 0.0,
            "y": 322.5548788905144,
            "width": 935.8883213996887,
            "height": 917.6862314343452,
            "genre": "mujer",
            "class": "bolso"
        }
    ],
    "file_name": "1as5x1icuridwo1yi91vhj3asxfssgw3fj4hhski11qg68hh9i0tt3vqr3ouywmf.jpg"
}