{
    "arr_boxes": [
        {
            "x": 403.75747203826904,
            "y": 386.95316591858864,
            "width": 72.61366367340088,
            "height": 32.67537599802017,
            "genre": "mujer",
            "class": "gafas de sol"
        },
        {
            "x": 606.9669270515442,
            "y": 378.5458444058895,
            "width": 70.72753429412842,
            "height": 33.892579793930054,
            "genre": "mujer",
            "class": "gafas de sol"
        },
        {
            "x": 305.3794741630554,
            "y": 350.7121330797672,
            "width": 73.97965908050537,
            "height": 38.9288010597229,
            "genre": "hombre",
            "class": "gafas de sol"
        },
        {
            "x": 354.1538143157959,
            "y": 965.0699726343155,
            "width": 75.95282077789307,
            "height": 77.53073644638062,
            "genre": "hombre",
            "class": "zapatos"
        },
        {
            "x": 431.3422107696533,
            "y": 955.55729418993,
            "width": 79.55539226531982,
            "height": 76.160231590271,
            "genre": "mujer",
            "class": "zapatos"
        },
        {
            "x": 276.55001878738403,
            "y": 945.9564759135246,
            "width": 81.98882102966309,
            "height": 82.77753973007202,
            "genre": "hombre",
            "class": "zapatos"
        },
        {
            "x": 564.1524982452393,
            "y": 964.1132150888443,
            "width": 96.94421768188477,
            "height": 75.46425139904022,
            "genre": "mujer",
            "class": "zapatos"
        },
        {
            "x": 757.4629282951355,
            "y": 999.5017880797386,
            "width": 91.30230903625488,
            "height": 84.54166078567505,
            "genre": "hombre",
            "class": "zapatos"
        },
        {
            "x": 681.5684294700623,
            "y": 958.1644055247307,
            "width": 106.30083560943604,
            "height": 75.42147278785706,
            "genre": "hombre",
            "class": "zapatos"
        },
        {
            "x": 536.6918385028839,
            "y": 603.1130577921867,
            "width": 158.9814269542694,
            "height": 112.99526464939117,
            "genre": "mujer",
            "class": "bolso"
        },
        {
            "x": 362.89000511169434,
            "y": 665.5790348052979,
            "width": 138.18240880966187,
            "height": 295.59450829029083,
            "genre": "mujer",
            "class": "pantalones"
        },
        {
            "x": 544.5867705345154,
            "y": 667.9150383472443,
            "width": 130.44676780700684,
            "height": 314.061491727829,
            "genre": "mujer",
            "class": "pantalones"
        },
        {
            "x": 520.1790010929108,
            "y": 432.5417557358742,
            "width": 184.60471987724304,
            "height": 251.08925700187683,
            "genre": "mujer",
            "class": "camisas"
        },
        {
            "x": 367.29591965675354,
            "y": 437.2084320485592,
            "width": 189.43436980247498,
            "height": 254.84579518437386,
            "genre": "mujer",
            "class": "camisas"
        },
        {
            "x": 253.23652625083923,
            "y": 612.2812558412552,
            "width": 143.82927417755127,
            "height": 361.1370356082916,
            "genre": "hombre",
            "class": "pantalones"
        },
        {
            "x": 672.9624009132385,
            "y": 372.83009880781174,
            "width": 206.256422996521,
            "height": 294.0962635874748,
            "genre": "hombre",
            "class": "camisas"
        },
        {
            "x": 686.3355731964111,
            "y": 634.8269745707512,
            "width": 177.11681842803955,
            "height": 373.83963429927826,
            "genre": "hombre",
            "class": "pantalones"
        }
    ],
    "file_name": "1aweb8prb40jjk85qhoxuefztbofa5tl4i8h5j2p1s91ddx9xw08k58tyy8kj1ac.jpg"
}