{
    "arr_boxes": [
        {
            "x": 536.3209855556488,
            "y": 389.9573117494583,
            "width": 52.75854706764221,
            "height": 78.05238264799118,
            "genre": "mujer",
            "class": "pendientes"
        },
        {
            "x": 292.5697588920593,
            "y": 443.6597742140293,
            "width": 460.2106761932373,
            "height": 541.7384370267391,
            "genre": "mujer",
            "class": "vestidos"
        }
    ],
    "file_name": "1baxjktrciwxexqgyw8ug2z171ph6d93ql6ug1zs1nwbm08zasqxfl8mmy2v9ppp.jpg"
}