{
    "arr_boxes": [
        {
            "x": 353.2386016845703,
            "y": 340.09918212890625,
            "width": 67.26043701171875,
            "height": 59.3133544921875,
            "genre": "mujer",
            "class": "anillos"
        },
        {
            "x": 275.70974349975586,
            "y": 71.44879341125488,
            "width": 165.0505256652832,
            "height": 234.94059562683105,
            "genre": "mujer",
            "class": "zapatos"
        }
    ],
    "file_name": "1cb1ko34y1e85pmo1thkdkunyj0cfj8vd5a40hikikf5iisil06ba6i64wznvf4b.jpg"
}