{
    "arr_boxes": [
        {
            "x": 343.73167276382446,
            "y": 177.02171802520752,
            "width": 65.43785333633423,
            "height": 61.85555934906006,
            "genre": "hombre",
            "class": "sombreros"
        },
        {
            "x": 315.9816884994507,
            "y": 241.7053771018982,
            "width": 113.93311500549316,
            "height": 113.83466720581055,
            "genre": "hombre",
            "class": "camisas"
        },
        {
            "x": 495.0451898574829,
            "y": 539.1601467132568,
            "width": 154.16032791137695,
            "height": 175.57371139526367,
            "genre": "hombre",
            "class": "pantalones"
        },
        {
            "x": 267.27365255355835,
            "y": 443.81036281585693,
            "width": 202.45779275894165,
            "height": 255.19317626953125,
            "genre": "mujer",
            "class": "chaquetas"
        },
        {
            "x": 447.6514148712158,
            "y": 198.46758842468262,
            "width": 238.30830574035645,
            "height": 367.8226089477539,
            "genre": "hombre",
            "class": "camisas"
        }
    ],
    "file_name": "1ffk73i53gek3ebq6003g17n039hgc70zbswsk5dd8w0l7q5xlzqo4l3h2cjvaos.jpg"
}