{
    "arr_boxes": [
        {
            "x": 676.9443869590759,
            "y": 87.03625202178955,
            "width": 110.8723497390747,
            "height": 68.90342998504639,
            "genre": "hombre",
            "class": "sombreros"
        },
        {
            "x": 675.6148910522461,
            "y": 173.96661186218262,
            "width": 247.86314964294434,
            "height": 376.8701286315918,
            "genre": "hombre",
            "class": "camisas"
        }
    ],
    "file_name": "1h1dvv76ypahg5ffuh2fnouowg3ec1xr5kkr5c566vqyr7lej8r768yzcvwwg9wj.jpg"
}