{
    "arr_boxes": [
        {
            "x": 413.53965997695923,
            "y": 618.3744989335537,
            "width": 80.08627653121948,
            "height": 32.733151614665985,
            "genre": "hombre",
            "class": "gafas de sol"
        },
        {
            "x": 381.03434443473816,
            "y": 1209.4608248472214,
            "width": 114.45831298828125,
            "height": 132.77681374549866,
            "genre": "hombre",
            "class": "botas"
        },
        {
            "x": 531.5922403335571,
            "y": 1155.4679899811745,
            "width": 123.25900554656982,
            "height": 133.98082315921783,
            "genre": "hombre",
            "class": "botas"
        },
        {
            "x": 398.328959941864,
            "y": 901.7394492030144,
            "width": 174.49329614639282,
            "height": 188.417422413826,
            "genre": "hombre",
            "class": "pantalones cortos"
        },
        {
            "x": 365.4979169368744,
            "y": 697.4077786803246,
            "width": 232.3407232761383,
            "height": 243.99531388282776,
            "genre": "hombre",
            "class": "camisas"
        }
    ],
    "file_name": "1h7ulr7awvfq3go9tpww4qxah4yht6196lpm3rd8qpq3ng0nxb8cibm2j4vxivo6.jpg"
}