{
    "arr_boxes": [
        {
            "x": 625.7202243804932,
            "y": 757.9922676086426,
            "width": 51.427602767944336,
            "height": 41.13188982009888,
            "genre": "hombre",
            "class": "zapatos"
        },
        {
            "x": 459.78482723236084,
            "y": 815.7699465751648,
            "width": 57.677879333496094,
            "height": 55.15737533569336,
            "genre": "mujer",
            "class": "zapatos"
        },
        {
            "x": 374.891152381897,
            "y": 812.5606298446655,
            "width": 69.60396766662598,
            "height": 50.54740905761719,
            "genre": "mujer",
            "class": "zapatos"
        },
        {
            "x": 422.0290231704712,
            "y": 441.2777245044708,
            "width": 69.26167488098145,
            "height": 51.917481422424316,
            "genre": "mujer",
            "class": "sombreros"
        },
        {
            "x": 622.3880624771118,
            "y": 614.1354739665985,
            "width": 95.53101539611816,
            "height": 174.6551513671875,
            "genre": "hombre",
            "class": "pantalones"
        },
        {
            "x": 406.391658782959,
            "y": 493.39256286621094,
            "width": 119.6963882446289,
            "height": 155.1519513130188,
            "genre": "mujer",
            "class": "chaquetas"
        },
        {
            "x": 401.31503105163574,
            "y": 625.4519283771515,
            "width": 111.39141082763672,
            "height": 200.96279382705688,
            "genre": "mujer",
            "class": "pantalones"
        }
    ],
    "file_name": "1hki3nskfmsb3s3v5238gxddnwaw98uz9d43177ksbmo4qcn53zqnrb5w7i4r56o.jpg"
}