{
    "arr_boxes": [
        {
            "x": 513.8054609298706,
            "y": 669.2912077903748,
            "width": 84.44555282592773,
            "height": 41.79521083831787,
            "genre": "mujer",
            "class": "gafas de sol"
        },
        {
            "x": 417.9709053039551,
            "y": 744.7760367393494,
            "width": 241.70355319976807,
            "height": 314.99892711639404,
            "genre": "mujer",
            "class": "chaquetas"
        }
    ],
    "file_name": "1ib28bnml0bp8n96pw0rjg79dd8imx06gn1tct4ztg8g51u2m2bjn3z3xxrmmdi9.jpg"
}