{
    "arr_boxes": [
        {
            "x": 244.51218008995056,
            "y": 1233.124753832817,
            "width": 73.09858560562134,
            "height": 90.26416540145874,
            "genre": "mujer",
            "class": "zapatos"
        },
        {
            "x": 151.29501521587372,
            "y": 813.8122022151947,
            "width": 78.2916533946991,
            "height": 119.57770586013794,
            "genre": "mujer",
            "class": "bolso"
        },
        {
            "x": 226.49542808532715,
            "y": 909.1786533594131,
            "width": 159.8215913772583,
            "height": 339.21924233436584,
            "genre": "mujer",
            "class": "pantalones"
        },
        {
            "x": 88.7902969121933,
            "y": 595.7498162984848,
            "width": 411.5970593690872,
            "height": 397.08189368247986,
            "genre": "mujer",
            "class": "camisas"
        }
    ],
    "file_name": "1iq5x0bn0jzzhzdt9utstht6ejkeg5h9u5272lgbe98k9s5zypm894hry6f7bq84.jpg"
}