{
    "arr_boxes": [
        {
            "x": 392.8723168373108,
            "y": 1179.5533686876297,
            "width": 102.83434867858887,
            "height": 96.3599681854248,
            "genre": "mujer",
            "class": "zapatos"
        },
        {
            "x": 456.85516834259033,
            "y": 1165.559720993042,
            "width": 114.07052993774414,
            "height": 107.06697106361389,
            "genre": "mujer",
            "class": "zapatos"
        },
        {
            "x": 696.9776558876038,
            "y": 1130.5819183588028,
            "width": 95.6026840209961,
            "height": 151.0747790336609,
            "genre": "hombre",
            "class": "zapatos"
        },
        {
            "x": 554.9126529693604,
            "y": 1121.0702419281006,
            "width": 127.02843189239502,
            "height": 135.2692723274231,
            "genre": "hombre",
            "class": "zapatos"
        },
        {
            "x": 585.7146906852722,
            "y": 738.6193692684174,
            "width": 212.74779796600342,
            "height": 437.1038854122162,
            "genre": "hombre",
            "class": "pantalones"
        },
        {
            "x": 310.2202606201172,
            "y": 372.0398247241974,
            "width": 259.59455251693726,
            "height": 383.7955445051193,
            "genre": "mujer",
            "class": "chaquetas"
        },
        {
            "x": 371.5157639980316,
            "y": 614.5670145750046,
            "width": 216.6711723804474,
            "height": 592.4857020378113,
            "genre": "mujer",
            "class": "pantalones"
        },
        {
            "x": 547.8524136543274,
            "y": 306.6483870148659,
            "width": 286.0699510574341,
            "height": 465.47230929136276,
            "genre": "hombre",
            "class": "camisas"
        }
    ],
    "file_name": "1izyud475l7rn09m9y9c13q6s55pfu0srndkvodw0o3f4loyeb40dcwrxji03lrg.jpg"
}