{
    "arr_boxes": [
        {
            "x": 291.5797984600067,
            "y": 588.7823533117771,
            "width": 227.1412181854248,
            "height": 735.9597596824169,
            "genre": "mujer",
            "class": "camisas ocultas debajo de la chaqueta"
        },
        {
            "x": 213.31798195838928,
            "y": 579.8504994511604,
            "width": 667.4568021297455,
            "height": 750.9284656047821,
            "genre": "mujer",
            "class": "chaquetas"
        }
    ],
    "file_name": "1keuq38j22mbogi3l8tl4m9h40vdilm23u7ntk4has5es8vbhokdag42mm7sxv6p.jpg"
}