{
    "arr_boxes": [
        {
            "x": 375.8805763721466,
            "y": 992.0628547668457,
            "width": 131.97524070739746,
            "height": 261.14877462387085,
            "genre": "chica",
            "class": "pantalones"
        },
        {
            "x": 339.99120354652405,
            "y": 755.0402820110321,
            "width": 200.9217345714569,
            "height": 300.9779691696167,
            "genre": "chica",
            "class": "abrigos"
        }
    ],
    "file_name": "1l9n7h1wyyq4z24d8mo5cjiaj6bwa6fcrqmr26lgousofmlf7zvb9xob762jxade.jpg"
}