{
    "arr_boxes": [
        {
            "x": 302.70653915405273,
            "y": 817.3442530632019,
            "width": 42.14810371398926,
            "height": 49.977149963378906,
            "genre": "mujer",
            "class": "zapatos"
        },
        {
            "x": 392.0333433151245,
            "y": 796.1852288246155,
            "width": 54.27600574493408,
            "height": 52.31389045715332,
            "genre": "mujer",
            "class": "zapatos"
        },
        {
            "x": 291.31261825561523,
            "y": 519.6545219421387,
            "width": 94.18534469604492,
            "height": 83.67578029632568,
            "genre": "mujer",
            "class": "camisas"
        },
        {
            "x": 488.16236686706543,
            "y": 492.42908120155334,
            "width": 137.11617279052734,
            "height": 154.63225722312927,
            "genre": "mujer",
            "class": "camisas"
        },
        {
            "x": 300.3325138092041,
            "y": 625.4535055160522,
            "width": 122.53357315063477,
            "height": 192.62775421142578,
            "genre": "mujer",
            "class": "pantalones"
        },
        {
            "x": 496.895055770874,
            "y": 630.645318031311,
            "width": 128.2704963684082,
            "height": 187.3033332824707,
            "genre": "mujer",
            "class": "pantalones"
        }
    ],
    "file_name": "1lqsfjrl67khgvjley8nrd0jtamvskexi7w853v113g55subo1w6ishqual7dh1g.jpg"
}