{
    "arr_boxes": [
        {
            "x": 528.6300194263458,
            "y": 1301.1789502501488,
            "width": 74.88445401191711,
            "height": 34.83630299568176,
            "genre": "mujer",
            "class": "botas"
        },
        {
            "x": 584.7983407974243,
            "y": 1298.6607016921043,
            "width": 88.75056266784668,
            "height": 36.15232694149017,
            "genre": "mujer",
            "class": "botas"
        },
        {
            "x": 556.0846924781799,
            "y": 527.2171312272549,
            "width": 93.56154441833496,
            "height": 101.37209570407867,
            "genre": "mujer",
            "class": "sombreros"
        },
        {
            "x": 512.9563164710999,
            "y": 932.320564687252,
            "width": 178.15142154693604,
            "height": 364.9017070531845,
            "genre": "mujer",
            "class": "pantalones"
        },
        {
            "x": 489.3396270275116,
            "y": 673.4655717611313,
            "width": 221.6125738620758,
            "height": 330.8449454307556,
            "genre": "mujer",
            "class": "abrigos"
        }
    ],
    "file_name": "1nqiduffen20409g2llcmzak1wuu12h8ypywq8b0gog0b9o87pp1brg9aej5hy1n.jpg"
}