{
    "arr_boxes": [
        {
            "x": 361.2610626220703,
            "y": 302.80982971191406,
            "width": 139.33143615722656,
            "height": 92.779541015625,
            "genre": "mujer",
            "class": "gafas de sol"
        },
        {
            "x": 150.4158878326416,
            "y": 412.1397399902344,
            "width": 165.83945274353027,
            "height": 88.02711486816406,
            "genre": "mujer",
            "class": "gafas de sol"
        }
    ],
    "file_name": "1otxt91u1a0ebvmzyizvwqum0o7ljl22ve7yicy85h55ifpu20gdw633o8otx0hm.jpg"
}