{
    "arr_boxes": [
        {
            "x": 358.77570033073425,
            "y": 354.11560893058777,
            "width": 101.0327410697937,
            "height": 80.84916114807129,
            "genre": "mujer",
            "class": "sombreros"
        },
        {
            "x": 536.1607611179352,
            "y": 905.9122538566589,
            "width": 105.3393280506134,
            "height": 84.18097972869873,
            "genre": "mujer",
            "class": "zapatos"
        },
        {
            "x": 360.59465646743774,
            "y": 1004.762556552887,
            "width": 144.37238931655884,
            "height": 72.86961078643799,
            "genre": "mujer",
            "class": "zapatos"
        },
        {
            "x": 318.88506174087524,
            "y": 438.1316328048706,
            "width": 168.3277130126953,
            "height": 312.9283046722412,
            "genre": "mujer",
            "class": "abrigos"
        },
        {
            "x": 358.32003593444824,
            "y": 647.551474571228,
            "width": 239.52883958816528,
            "height": 323.17636013031006,
            "genre": "mujer",
            "class": "pantalones"
        }
    ],
    "file_name": "1psurqqko11g2meda9gka8zqy47zqabtxs2c7ki75y9jl45k7kna9fm62vcxiuxv.jpg"
}