{
    "arr_boxes": [
        {
            "x": 459.81191754341125,
            "y": 1032.8323781490326,
            "width": 63.59590530395508,
            "height": 107.1717381477356,
            "genre": "mujer",
            "class": "botas"
        },
        {
            "x": 563.6113142967224,
            "y": 1023.7839460372925,
            "width": 57.871341705322266,
            "height": 117.91124939918518,
            "genre": "mujer",
            "class": "botas"
        },
        {
            "x": 468.85429859161377,
            "y": 824.1828560829163,
            "width": 143.82463932037354,
            "height": 293.0475354194641,
            "genre": "mujer",
            "class": "pantalones"
        },
        {
            "x": 442.9412305355072,
            "y": 681.1188966035843,
            "width": 191.315735578537,
            "height": 230.1061749458313,
            "genre": "mujer",
            "class": "chaquetas"
        }
    ],
    "file_name": "1pydmrxjmr2txw3h3tsvk5jm0q6clojh26chllqkoi3s375xxan4xc7hp9815itz.jpg"
}