{
    "arr_boxes": [
        {
            "x": 260.25854408741,
            "y": 1000.1950979232788,
            "width": 105.13891875743866,
            "height": 76.36802673339844,
            "genre": "chico",
            "class": "zapatos"
        },
        {
            "x": 317.8677427768707,
            "y": 805.3251028060913,
            "width": 96.91627979278564,
            "height": 140.7461929321289,
            "genre": "chico",
            "class": "bolso"
        },
        {
            "x": 612.8401923179626,
            "y": 989.8745584487915,
            "width": 173.41833114624023,
            "height": 89.72426891326904,
            "genre": "mujer",
            "class": "zapatos"
        },
        {
            "x": 607.4579000473022,
            "y": 764.301917552948,
            "width": 94.05348300933838,
            "height": 198.511061668396,
            "genre": "mujer",
            "class": "zapatos"
        },
        {
            "x": 445.0902271270752,
            "y": 735.5103778839111,
            "width": 166.96442127227783,
            "height": 215.1849603652954,
            "genre": "mujer",
            "class": "bolso"
        },
        {
            "x": 102.33804881572723,
            "y": 706.3757944107056,
            "width": 197.34640896320343,
            "height": 216.55996799468994,
            "genre": "chico",
            "class": "bolso"
        },
        {
            "x": 483.9777088165283,
            "y": 421.41788721084595,
            "width": 316.41191482543945,
            "height": 276.7645740509033,
            "genre": "mujer",
            "class": "camisas"
        },
        {
            "x": 238.84820759296417,
            "y": 403.6878204345703,
            "width": 258.5682052373886,
            "height": 368.4873676300049,
            "genre": "chico",
            "class": "camisas"
        },
        {
            "x": 280.0559663772583,
            "y": 601.527214050293,
            "width": 486.2936568260193,
            "height": 398.908896446228,
            "genre": "mujer",
            "class": "pantalones"
        }
    ],
    "file_name": "1q2lc90ou7qwvl0nll8wn9fo5zznpn6yhnk9cdiiuxeyhsagts1g9eyq98xs895r.jpg"
}