{
    "arr_boxes": [
        {
            "x": 473.7028098106384,
            "y": 959.3651604652405,
            "width": 94.86619234085083,
            "height": 95.47123432159424,
            "genre": "hombre",
            "class": "zapatos"
        },
        {
            "x": 296.525673866272,
            "y": 975.7325792312622,
            "width": 104.43247318267822,
            "height": 92.30408191680908,
            "genre": "hombre",
            "class": "zapatos"
        },
        {
            "x": 633.9613008499146,
            "y": 969.9565172195435,
            "width": 134.5914888381958,
            "height": 103.05514812469482,
            "genre": "mujer",
            "class": "zapatos"
        },
        {
            "x": 350.71629524230957,
            "y": 586.1223649978638,
            "width": 195.89359045028687,
            "height": 411.67187690734863,
            "genre": "hombre",
            "class": "pantalones"
        },
        {
            "x": 545.3326606750488,
            "y": 281.3996887207031,
            "width": 226.20729446411133,
            "height": 451.04576110839844,
            "genre": "mujer",
            "class": "vestidos"
        },
        {
            "x": 320.40542364120483,
            "y": 229.73963499069214,
            "width": 261.979444026947,
            "height": 416.798415184021,
            "genre": "hombre",
            "class": "chaquetas"
        }
    ],
    "file_name": "1w63ldh5d2dua0clr9waaf1c306ommhxoqh0isvn0u789asit1rgf4wccfpg9a2u.jpg"
}