{
    "arr_boxes": [
        {
            "x": 498.80558252334595,
            "y": 310.4954257160425,
            "width": 62.62277841567993,
            "height": 55.17101363837719,
            "genre": "mujer",
            "class": "gafas de sol"
        },
        {
            "x": 508.6811113357544,
            "y": 1011.5229315757751,
            "width": 102.40073204040527,
            "height": 184.04603362083435,
            "genre": "mujer",
            "class": "botas"
        },
        {
            "x": 303.9872467517853,
            "y": 1024.2359490990639,
            "width": 103.43385457992554,
            "height": 194.95753979682922,
            "genre": "mujer",
            "class": "botas"
        },
        {
            "x": 373.3191740512848,
            "y": 654.2964583039284,
            "width": 184.85989451408386,
            "height": 120.6648360490799,
            "genre": "mujer",
            "class": "bolso"
        },
        {
            "x": 352.3061800003052,
            "y": 693.4373779296875,
            "width": 260.3266668319702,
            "height": 369.97342240810394,
            "genre": "mujer",
            "class": "pantalones"
        },
        {
            "x": 340.96346139907837,
            "y": 383.2419293820858,
            "width": 338.12171459198,
            "height": 588.5191018879414,
            "genre": "mujer",
            "class": "cazadoras"
        }
    ],
    "file_name": "1y88hymj3cge8j7ues0ud7hnvj1rmti2tkfubhog012w2cw5vc5mjwt303z3f0gl.jpg"
}