{
    "arr_boxes": [
        {
            "x": 464.7727596759796,
            "y": 342.8866374492645,
            "width": 28.32502841949463,
            "height": 48.434128761291504,
            "genre": "mujer",
            "class": "pendientes"
        },
        {
            "x": 481.1016511917114,
            "y": 284.2308461666107,
            "width": 111.25099182128906,
            "height": 68.25309991836548,
            "genre": "mujer",
            "class": "gafas de sol"
        },
        {
            "x": 418.2275605201721,
            "y": 789.1034245491028,
            "width": 130.92647552490234,
            "height": 210.04168510437012,
            "genre": "mujer",
            "class": "bolso"
        },
        {
            "x": 325.6198310852051,
            "y": 387.8312015533447,
            "width": 424.1270899772644,
            "height": 537.7056169509888,
            "genre": "mujer",
            "class": "monos"
        }
    ],
    "file_name": "1yp9f6mydc62ks0p601ue8x796w2se018sdbvdqmr3uf75xkvu5naeqifx8ofhl2.jpg"
}