{
    "arr_boxes": [
        {
            "x": 760.6604647636414,
            "y": 536.6194224953651,
            "width": 79.50183391571045,
            "height": 32.82731890678406,
            "genre": "hombre",
            "class": "gafas de sol"
        },
        {
            "x": 696.1429953575134,
            "y": 611.7070322036743,
            "width": 246.37999534606934,
            "height": 193.28789794445038,
            "genre": "hombre",
            "class": "camisas"
        }
    ],
    "file_name": "1za6lagluhtjm16cs0zzccklkw86ennnecplitb7dlz7l5azzw4zaeiwulwumq5x.jpg"
}