{
    "arr_boxes": [
        {
            "x": 435.64982771873474,
            "y": 176.28560185432434,
            "width": 108.60806107521057,
            "height": 59.26321506500244,
            "genre": "mujer",
            "class": "gafas de sol"
        },
        {
            "x": 563.519389629364,
            "y": 863.685872554779,
            "width": 102.76070594787598,
            "height": 155.17154216766357,
            "genre": "mujer",
            "class": "zapatos"
        },
        {
            "x": 418.58676195144653,
            "y": 899.589536190033,
            "width": 191.48880243301392,
            "height": 157.22182273864746,
            "genre": "mujer",
            "class": "zapatos"
        },
        {
            "x": 323.84764194488525,
            "y": 528.8623738288879,
            "width": 315.7966375350952,
            "height": 373.35280895233154,
            "genre": "mujer",
            "class": "pantalones"
        },
        {
            "x": 348.5923719406128,
            "y": 286.76060914993286,
            "width": 340.83786964416504,
            "height": 366.1384606361389,
            "genre": "mujer",
            "class": "camisas"
        }
    ],
    "file_name": "1zlh2dwzhl3ev78jv6j9794gadovnnuspgwxdeypnrvx9as44ywwe6r8hkgddeqs.jpg"
}