{
    "arr_boxes": [
        {
            "x": 184.1976410150528,
            "y": 387.03739643096924,
            "width": 62.211850583553314,
            "height": 102.6269280910492,
            "genre": "mujer",
            "class": "pantalones"
        },
        {
            "x": 161.05643078684807,
            "y": 266.3319155573845,
            "width": 110.70722624659538,
            "height": 130.81197202205658,
            "genre": "mujer",
            "class": "chaquetas"
        }
    ],
    "file_name": "24l2j3h834qohr1lt8y60majauf6dvoexmiji4aubhjqbpls0hhn7qi096pg2gmw.jpg"
}