{
    "arr_boxes": [
        {
            "x": 562.5440740585327,
            "y": 274.7666609287262,
            "width": 78.81510257720947,
            "height": 47.77681589126587,
            "genre": "mujer",
            "class": "gafas de sol"
        },
        {
            "x": 579.7281289100647,
            "y": 915.5415558815002,
            "width": 84.63506698608398,
            "height": 90.83689212799072,
            "genre": "mujer",
            "class": "zapatos"
        },
        {
            "x": 467.2893261909485,
            "y": 933.5647773742676,
            "width": 104.03690099716187,
            "height": 79.33356285095215,
            "genre": "mujer",
            "class": "zapatos"
        },
        {
            "x": 392.04567074775696,
            "y": 465.38349866867065,
            "width": 294.86552596092224,
            "height": 254.06716346740723,
            "genre": "mujer",
            "class": "falda"
        },
        {
            "x": 394.5402216911316,
            "y": 364.9491047859192,
            "width": 297.39200592041016,
            "height": 351.6002655029297,
            "genre": "mujer",
            "class": "vestidos"
        }
    ],
    "file_name": "26chruw2c3o9c7f9fewk048hdxo2v51bf8e0jq0xsxe4lzigjuipb8h4ax6eg50r.jpg"
}