{
    "arr_boxes": [
        {
            "x": 288.2409954071045,
            "y": 1308.2280311584473,
            "width": 121.18954181671143,
            "height": 40.43602979183197,
            "genre": "hombre",
            "class": "zapatos"
        },
        {
            "x": 650.3809905052185,
            "y": 1208.4419919848442,
            "width": 106.55575275421143,
            "height": 120.11967885494232,
            "genre": "mujer",
            "class": "zapatos"
        },
        {
            "x": 433.7946617603302,
            "y": 1257.1686726808548,
            "width": 147.69175171852112,
            "height": 91.72004449367523,
            "genre": "hombre",
            "class": "zapatos"
        },
        {
            "x": 477.2208595275879,
            "y": 929.2879790067673,
            "width": 273.86019229888916,
            "height": 366.6347768306732,
            "genre": "mujer",
            "class": "pantalones"
        },
        {
            "x": 511.3875460624695,
            "y": 587.096707969904,
            "width": 257.31040477752686,
            "height": 397.4639388024807,
            "genre": "mujer",
            "class": "chaquetas"
        },
        {
            "x": 260.81693172454834,
            "y": 514.1875617206097,
            "width": 295.2361536026001,
            "height": 363.0596150457859,
            "genre": "hombre",
            "class": "camisas"
        },
        {
            "x": 286.50221586227417,
            "y": 824.2287098765373,
            "width": 298.3107376098633,
            "height": 513.7577478885651,
            "genre": "hombre",
            "class": "pantalones"
        }
    ],
    "file_name": "274cp4z7wf4ceff76en9jgm02n8ltlmvz1m4xlf6kja65coj6m405siat9882rul.jpg"
}