{
    "arr_boxes": [
        {
            "x": 520.3535163402557,
            "y": 943.9728557467461,
            "width": 82.52102494239807,
            "height": 263.02059745788574,
            "genre": "mujer",
            "class": "pantalones"
        },
        {
            "x": 496.5336334705353,
            "y": 801.5041568279266,
            "width": 133.19424033164978,
            "height": 186.35747981071472,
            "genre": "mujer",
            "class": "chaquetas"
        }
    ],
    "file_name": "27i9hw4vc0bt0vdag9pt7ek2ngtm9xcjpe8dfc7y638w8r3ioka9yoeeiift959b.jpg"
}