{
    "arr_boxes": [
        {
            "x": 277.475380897522,
            "y": 1011.7642164230347,
            "width": 323.9384078979492,
            "height": 320.88966965675354,
            "genre": "mujer",
            "class": "pantalones"
        },
        {
            "x": 306.2895476818085,
            "y": 849.1858184337616,
            "width": 310.54595589637756,
            "height": 491.10254645347595,
            "genre": "mujer",
            "class": "monos"
        }
    ],
    "file_name": "2846e7rm31m2m6ady5oal5hy8n96sxx5bt514rmji4le89fo02jjs0hjbkgvlmr8.jpg"
}