{
    "arr_boxes": [
        {
            "x": 386.888587474823,
            "y": 349.7731178998947,
            "width": 163.0949592590332,
            "height": 90.65909385681152,
            "genre": "mujer",
            "class": "gafas de sol"
        },
        {
            "x": 668.9060640335083,
            "y": 1084.3306303024292,
            "width": 216.55829429626465,
            "height": 273.45818281173706,
            "genre": "mujer",
            "class": "bolso"
        },
        {
            "x": 287.66215324401855,
            "y": 462.4718427658081,
            "width": 538.5635805130005,
            "height": 548.3299970626831,
            "genre": "mujer",
            "class": "chaquetas"
        },
        {
            "x": 49.453572034835815,
            "y": 732.9550266265869,
            "width": 693.6351835727692,
            "height": 634.5444560050964,
            "genre": "mujer",
            "class": "falda"
        }
    ],
    "file_name": "2a6bt5wp46kzapsx1yonklkwpvi8t6yeuqy6712ok76cdm2gn73rkiztihy2nj4a.jpg"
}