{
    "arr_boxes": [
        {
            "x": 349.55363523960114,
            "y": 245.73471200466156,
            "width": 157.5453826189041,
            "height": 267.50788474082947,
            "genre": "mujer",
            "class": "chaquetas"
        },
        {
            "x": 208.14707392454147,
            "y": 412.1342204809189,
            "width": 271.41354048252106,
            "height": 254.8036801815033,
            "genre": "mujer",
            "class": "bolso"
        }
    ],
    "file_name": "2bgink56xoby9hfrm47uzup9p7pw82kknbup7vtozq97ocdbg1l9xju772o7dfmh.jpg"
}