{
    "arr_boxes": [
        {
            "x": 489.1880929470062,
            "y": 705.6040263175964,
            "width": 93.90320420265198,
            "height": 68.5581636428833,
            "genre": "mujer",
            "class": "pulseras"
        },
        {
            "x": 442.5960946083069,
            "y": 1012.3012804985046,
            "width": 207.53693103790283,
            "height": 80.91256856918335,
            "genre": "mujer",
            "class": "zapatos"
        },
        {
            "x": 578.3663821220398,
            "y": 976.1687707901001,
            "width": 260.4254150390625,
            "height": 109.8244857788086,
            "genre": "mujer",
            "class": "zapatos"
        },
        {
            "x": 28.238977789878845,
            "y": 525.2331519126892,
            "width": 479.28721725940704,
            "height": 399.98971939086914,
            "genre": "mujer",
            "class": "camisas"
        },
        {
            "x": 68.50595712661743,
            "y": 718.900465965271,
            "width": 612.9410648345947,
            "height": 346.11851692199707,
            "genre": "mujer",
            "class": "pantalones"
        }
    ],
    "file_name": "2cm7g7t0mdow3awfxero9yom2czgq88tgflzv5h99bu6pbsqbkbo5foknczprdcm.jpg"
}