{
    "arr_boxes": [
        {
            "x": 475.9643626213074,
            "y": 339.2028424143791,
            "width": 71.88515424728394,
            "height": 59.07147467136383,
            "genre": "hombre",
            "class": "sombreros"
        },
        {
            "x": 341.6596233844757,
            "y": 459.94456619024277,
            "width": 126.66150569915771,
            "height": 243.07171404361725,
            "genre": "mujer",
            "class": "abrigos"
        }
    ],
    "file_name": "2gjg5odhcgoglichtvfsd5g9wnhtnyg4519gv3b14damiqi0sa3ee7hj81macwp0.jpg"
}