{
    "arr_boxes": [
        {
            "x": 505.23258447647095,
            "y": 606.1783500313759,
            "width": 78.92852783203125,
            "height": 122.35807132720947,
            "genre": "hombre",
            "class": "pantalones"
        },
        {
            "x": 481.66935682296753,
            "y": 482.5354043841362,
            "width": 130.8359670639038,
            "height": 143.780069231987,
            "genre": "hombre",
            "class": "abrigos"
        }
    ],
    "file_name": "2ioodduya49z73hp5t9y36sdkbb04gerasgcm2kz6g9uunxakrntemf0qvaba75h.jpg"
}