{
    "arr_boxes": [
        {
            "x": 319.8529159426689,
            "y": 612.0398517251015,
            "width": 47.51492393016815,
            "height": 55.698259115219116,
            "genre": "hombre",
            "class": "zapatos"
        },
        {
            "x": 87.79699888080359,
            "y": 531.2008925080299,
            "width": 60.18674025684595,
            "height": 45.50062143802643,
            "genre": "hombre",
            "class": "zapatos"
        },
        {
            "x": 631.2195039987564,
            "y": 378.87520757317543,
            "width": 72.59202575683594,
            "height": 96.6947737634182,
            "genre": "mujer",
            "class": "falda"
        },
        {
            "x": 645.5554122924805,
            "y": 235.57770198583603,
            "width": 68.27532935142517,
            "height": 134.27202892303467,
            "genre": "mujer",
            "class": "camisas"
        },
        {
            "x": 534.980412364006,
            "y": 238.9923352599144,
            "width": 104.94971787929535,
            "height": 172.62977516651154,
            "genre": "hombre",
            "class": "chaquetas"
        },
        {
            "x": 345.2160639166832,
            "y": 255.68943908810616,
            "width": 127.00867736339569,
            "height": 169.18852898478508,
            "genre": "mujer",
            "class": "camisas"
        },
        {
            "x": 83.78118294477463,
            "y": 209.10981398820877,
            "width": 123.45425936579704,
            "height": 181.6814751625061,
            "genre": "hombre",
            "class": "chaquetas"
        },
        {
            "x": 269.48953434824944,
            "y": 239.04242011904716,
            "width": 127.27144634723663,
            "height": 184.24749025702477,
            "genre": "hombre",
            "class": "chaquetas"
        },
        {
            "x": 282.0126970112324,
            "y": 372.7246310412884,
            "width": 113.23268711566925,
            "height": 239.1991757452488,
            "genre": "hombre",
            "class": "pantalones"
        }
    ],
    "file_name": "2jbnz16x5rf762w5xqr84lseguzwmrmev4b85gt2000d5ipuqh5wkv7rnhwafrr1.jpg"
}