{
    "arr_boxes": [
        {
            "x": 442.6390528678894,
            "y": 181.09477311372757,
            "width": 69.3976879119873,
            "height": 43.161481618881226,
            "genre": "hombre",
            "class": "gafas de sol"
        },
        {
            "x": 492.76337027549744,
            "y": 688.5404884815216,
            "width": 84.42726731300354,
            "height": 57.61197209358215,
            "genre": "hombre",
            "class": "zapatos"
        },
        {
            "x": 349.60442036390305,
            "y": 612.1364682912827,
            "width": 98.62730652093887,
            "height": 61.14542484283447,
            "genre": "hombre",
            "class": "zapatos"
        },
        {
            "x": 255.0080269575119,
            "y": 551.7442971467972,
            "width": 76.21322572231293,
            "height": 97.0243513584137,
            "genre": "hombre",
            "class": "zapatos"
        },
        {
            "x": 152.9027670621872,
            "y": 540.1174128055573,
            "width": 80.80986142158508,
            "height": 96.25804424285889,
            "genre": "hombre",
            "class": "zapatos"
        },
        {
            "x": 284.3020409345627,
            "y": 32.51208923757076,
            "width": 91.86547994613647,
            "height": 86.5680668503046,
            "genre": "hombre",
            "class": "sombreros"
        },
        {
            "x": 450.40163397789,
            "y": 209.3733698129654,
            "width": 101.80279612541199,
            "height": 122.90927767753601,
            "genre": "hombre",
            "class": "bufandas"
        },
        {
            "x": 184.98525023460388,
            "y": 334.9921256303787,
            "width": 160.53105890750885,
            "height": 235.23947596549988,
            "genre": "hombre",
            "class": "pantalones"
        },
        {
            "x": 386.31293177604675,
            "y": 226.78977996110916,
            "width": 234.3839406967163,
            "height": 258.6406096816063,
            "genre": "hombre",
            "class": "chaquetas"
        },
        {
            "x": 342.77021884918213,
            "y": 413.8539880514145,
            "width": 224.8627245426178,
            "height": 282.6680839061737,
            "genre": "hombre",
            "class": "pantalones"
        },
        {
            "x": 150.21681413054466,
            "y": 108.12922194600105,
            "width": 229.91711273789406,
            "height": 294.49011012911797,
            "genre": "hombre",
            "class": "chaquetas"
        }
    ],
    "file_name": "2jk1is61neenk2mcvvyt5u81jne0w9uhdgjpgo5pqmco56p0u46t0xoqv11yxw7n.jpg"
}