{
    "arr_boxes": [
        {
            "x": 516.6510620117188,
            "y": 791.5737915039062,
            "width": 29.7999267578125,
            "height": 41.373046875,
            "genre": "mujer",
            "class": "zapatos"
        },
        {
            "x": 498.46612548828125,
            "y": 545.5477294921875,
            "width": 78.6920166015625,
            "height": 110.9742431640625,
            "genre": "mujer",
            "class": "camisas"
        }
    ],
    "file_name": "2kazeqcqjkfxoqpt64zypp4z2rj7pl449uqmq15xzoz3y4wxd7ww8y2bqidyuntr.jpg"
}