{
    "arr_boxes": [
        {
            "x": 192.5589555501938,
            "y": 481.01650607585907,
            "width": 101.43576443195343,
            "height": 92.44973409175873,
            "genre": "hombre",
            "class": "sombreros"
        },
        {
            "x": 729.122257232666,
            "y": 532.6122288107872,
            "width": 118.90005111694336,
            "height": 93.821284532547,
            "genre": "mujer",
            "class": "sombreros"
        },
        {
            "x": 581.5624380111694,
            "y": 548.3607679009438,
            "width": 134.373779296875,
            "height": 104.08227503299713,
            "genre": "mujer",
            "class": "sombreros"
        },
        {
            "x": 533.9897811412811,
            "y": 638.4085811376572,
            "width": 209.66249585151672,
            "height": 178.1260850429535,
            "genre": "mujer",
            "class": "bufandas"
        },
        {
            "x": 317.786568403244,
            "y": 604.543060362339,
            "width": 240.57750821113586,
            "height": 210.10797268152237,
            "genre": "hombre",
            "class": "chaquetas"
        },
        {
            "x": 32.65730023384094,
            "y": 592.4562540650368,
            "width": 336.75517201423645,
            "height": 225.78301352262497,
            "genre": "hombre",
            "class": "chaquetas"
        }
    ],
    "file_name": "2kbdqcndyp9z8we55o0p8kitjss99jnmpmtyhalpy3i6hhlk6yequfhqqgi2632g.jpg"
}