{
    "arr_boxes": [
        {
            "x": 620.3389406204224,
            "y": 389.9638763666153,
            "width": 53.921284675598145,
            "height": 36.1435432434082,
            "genre": "hombre",
            "class": "relojes"
        },
        {
            "x": 390.32623529434204,
            "y": 822.0715820789337,
            "width": 155.2597975730896,
            "height": 75.40391206741333,
            "genre": "hombre",
            "class": "zapatos"
        },
        {
            "x": 489.73355770111084,
            "y": 514.560453414917,
            "width": 102.84310340881348,
            "height": 128.99097204208374,
            "genre": "hombre",
            "class": "zapatos"
        },
        {
            "x": 347.3571503162384,
            "y": 82.73754519224167,
            "width": 146.29321575164795,
            "height": 118.07625997066498,
            "genre": "hombre",
            "class": "sombreros"
        },
        {
            "x": 221.9120693206787,
            "y": 169.8791606426239,
            "width": 332.3258900642395,
            "height": 385.2980525493622,
            "genre": "hombre",
            "class": "camisas"
        },
        {
            "x": 293.321989774704,
            "y": 279.35211181640625,
            "width": 367.40252137184143,
            "height": 543.1066546440125,
            "genre": "hombre",
            "class": "pantalones"
        }
    ],
    "file_name": "2mw8ph7mo62wbkt1tobiicqb9502d9apl9wob0l2acm0qsp6fjj15tb8f7zoq82k.jpg"
}