{
    "arr_boxes": [
        {
            "x": 510.86902141571045,
            "y": 818.0960655212402,
            "width": 53.328537940979004,
            "height": 48.00398826599121,
            "genre": "mujer",
            "class": "zapatos"
        },
        {
            "x": 620.4568719863892,
            "y": 820.6083512306213,
            "width": 52.565975189208984,
            "height": 50.64804553985596,
            "genre": "hombre",
            "class": "zapatos"
        },
        {
            "x": 887.8088235855103,
            "y": 815.4037284851074,
            "width": 81.60605907440186,
            "height": 69.3205976486206,
            "genre": "hombre",
            "class": "zapatos"
        },
        {
            "x": 287.4186301231384,
            "y": 461.65623664855957,
            "width": 166.90288066864014,
            "height": 169.65173721313477,
            "genre": "hombre",
            "class": "camisas"
        },
        {
            "x": 138.30001831054688,
            "y": 472.1262502670288,
            "width": 179.27640438079834,
            "height": 158.7157917022705,
            "genre": "hombre",
            "class": "camisas"
        },
        {
            "x": 764.602861404419,
            "y": 467.8435778617859,
            "width": 191.48423194885254,
            "height": 151.6841983795166,
            "genre": "hombre",
            "class": "camisas"
        },
        {
            "x": 617.4968719482422,
            "y": 599.9556112289429,
            "width": 136.90080642700195,
            "height": 239.03130054473877,
            "genre": "hombre",
            "class": "pantalones"
        },
        {
            "x": 308.34999918937683,
            "y": 604.7360801696777,
            "width": 141.81987047195435,
            "height": 240.92026233673096,
            "genre": "hombre",
            "class": "pantalones"
        },
        {
            "x": 154.8473757505417,
            "y": 603.2814431190491,
            "width": 145.35934031009674,
            "height": 251.57618522644043,
            "genre": "hombre",
            "class": "pantalones"
        },
        {
            "x": 792.5365662574768,
            "y": 595.2676463127136,
            "width": 170.26289463043213,
            "height": 252.68378734588623,
            "genre": "hombre",
            "class": "pantalones"
        }
    ],
    "file_name": "2n036vmdb86ykrbcopmyhl8airro8yljk6go2gcn3e2pjrbszzipn2ol4kx70ffi.jpg"
}