{
    "arr_boxes": [
        {
            "x": 500.80990076065063,
            "y": 352.48252987861633,
            "width": 71.63094520568848,
            "height": 63.87830972671509,
            "genre": "hombre",
            "class": "sombreros"
        },
        {
            "x": 689.8771834373474,
            "y": 896.4023637771606,
            "width": 68.13046932220459,
            "height": 78.84342670440674,
            "genre": "hombre",
            "class": "zapatos"
        },
        {
            "x": 520.8750021457672,
            "y": 892.7001428604126,
            "width": 63.37043881416321,
            "height": 86.78396701812744,
            "genre": "hombre",
            "class": "zapatos"
        },
        {
            "x": 616.8535280227661,
            "y": 888.9343214035034,
            "width": 75.64460277557373,
            "height": 78.60164165496826,
            "genre": "hombre",
            "class": "zapatos"
        },
        {
            "x": 391.9951379299164,
            "y": 889.9402141571045,
            "width": 67.21450567245483,
            "height": 98.94235610961914,
            "genre": "hombre",
            "class": "zapatos"
        },
        {
            "x": 338.2240676879883,
            "y": 690.4389667510986,
            "width": 131.51008129119873,
            "height": 236.70048236846924,
            "genre": "hombre",
            "class": "pantalones"
        },
        {
            "x": 494.40433502197266,
            "y": 632.6339936256409,
            "width": 120.0140905380249,
            "height": 282.6266384124756,
            "genre": "hombre",
            "class": "pantalones"
        },
        {
            "x": 476.2711000442505,
            "y": 421.3416051864624,
            "width": 148.63162994384766,
            "height": 262.9546308517456,
            "genre": "hombre",
            "class": "chaquetas"
        },
        {
            "x": 605.6461215019226,
            "y": 631.5197610855103,
            "width": 141.27456665039062,
            "height": 286.9548225402832,
            "genre": "hombre",
            "class": "pantalones"
        },
        {
            "x": 599.6667051315308,
            "y": 437.9553151130676,
            "width": 193.48430156707764,
            "height": 251.93564414978027,
            "genre": "hombre",
            "class": "chaquetas"
        },
        {
            "x": 296.3840854167938,
            "y": 396.9351553916931,
            "width": 189.9036169052124,
            "height": 325.42632579803467,
            "genre": "hombre",
            "class": "abrigos"
        }
    ],
    "file_name": "2p31m5uqgq6njy2yxmymyzhyykr1z3dk2s1rsi0br7jkmk4m2s2inr8y5xy4uht3.jpg"
}