{
    "arr_boxes": [
        {
            "x": 651.7563199996948,
            "y": 376.3311316072941,
            "width": 57.13388442993164,
            "height": 84.26153802871704,
            "genre": "mujer",
            "class": "pendientes"
        },
        {
            "x": 530.2577877044678,
            "y": 234.20512196421623,
            "width": 184.56130027770996,
            "height": 163.08680045604706,
            "genre": "mujer",
            "class": "gafas de sol"
        },
        {
            "x": 513.2968497276306,
            "y": 462.01032906770706,
            "width": 113.81471157073975,
            "height": 306.06508219242096,
            "genre": "mujer",
            "class": "collares"
        },
        {
            "x": 816.4243626594543,
            "y": 721.2082920670509,
            "width": 252.4086570739746,
            "height": 199.60134530067444,
            "genre": "mujer",
            "class": "pantalones cortos"
        },
        {
            "x": 427.54146695137024,
            "y": 478.46467262506485,
            "width": 271.9576156139374,
            "height": 385.35884308815,
            "genre": "mujer",
            "class": "camisas"
        },
        {
            "x": 20.154563784599304,
            "y": 423.1937633752823,
            "width": 356.35303795337677,
            "height": 407.86517083644867,
            "genre": "mujer",
            "class": "camisas"
        },
        {
            "x": 707.4639558792114,
            "y": 335.5118760764599,
            "width": 339.5974016189575,
            "height": 525.6441899836063,
            "genre": "mujer",
            "class": "camisas"
        }
    ],
    "file_name": "2rx91n257l0pq6rngyjg691zmto42jfygcsj17dwi0fg4rj74omxn4sm946hbutq.jpg"
}