{
    "arr_boxes": [
        {
            "x": 687.9762482643127,
            "y": 375.61453878879547,
            "width": 63.395705223083496,
            "height": 59.40261483192444,
            "genre": "mujer",
            "class": "gafas de sol"
        },
        {
            "x": 742.5005149841309,
            "y": 1312.6515805721283,
            "width": 120.63168525695801,
            "height": 33.67465138435364,
            "genre": "mujer",
            "class": "zapatos"
        },
        {
            "x": 867.3821711540222,
            "y": 1234.41663980484,
            "width": 102.78362274169922,
            "height": 112.61302828788757,
            "genre": "mujer",
            "class": "zapatos"
        },
        {
            "x": 652.8865170478821,
            "y": 483.1256836652756,
            "width": 220.85763931274414,
            "height": 384.6738338470459,
            "genre": "mujer",
            "class": "chaquetas"
        },
        {
            "x": 661.3460969924927,
            "y": 489.64900374412537,
            "width": 238.95546913146973,
            "height": 546.8045175075531,
            "genre": "mujer",
            "class": "vestidos"
        }
    ],
    "file_name": "2vl2revmpqj0ghnbco1pi9krhpzl83xar94pgtach7u2kycn33bz7wv0ps5ephov.jpg"
}