{
    "arr_boxes": [
        {
            "x": 112.79530048370361,
            "y": 252.27678894996643,
            "width": 643.829619884491,
            "height": 212.66797542572021,
            "genre": "mujer",
            "class": "gafas de sol"
        },
        {
            "x": 74.6566379070282,
            "y": 682.588677406311,
            "width": 626.0185396671295,
            "height": 380.6779432296753,
            "genre": "mujer",
            "class": "collares"
        }
    ],
    "file_name": "2vojhck5dxjchg82nd8mh34hrvkscx83bzhizqimhok4cdkfqqu0nirwoi4y6fq8.jpg"
}