{
    "arr_boxes": [
        {
            "x": 223.81953835487366,
            "y": 578.1857814788818,
            "width": 102.799072265625,
            "height": 43.835822105407715,
            "genre": "mujer",
            "class": "gafas de sol"
        },
        {
            "x": 390.54214239120483,
            "y": 675.6955609321594,
            "width": 614.9959802627563,
            "height": 187.57587146759033,
            "genre": "mujer",
            "class": "chaquetas"
        }
    ],
    "file_name": "2wfjbfqkv4rkog414mv7k79s6s3v9wrxjvcz2uvr0l1li0ktwztftne29s4q79bi.jpg"
}