{
    "arr_boxes": [
        {
            "x": 494.4162440299988,
            "y": 56.04589395225048,
            "width": 138.11565399169922,
            "height": 72.94991612434387,
            "genre": "mujer",
            "class": "gafas de sol"
        },
        {
            "x": 473.1378722190857,
            "y": 1143.8522547483444,
            "width": 81.71613693237305,
            "height": 168.99123787879944,
            "genre": "mujer",
            "class": "zapatos"
        },
        {
            "x": 395.79633235931396,
            "y": 485.11674106121063,
            "width": 347.8316116333008,
            "height": 359.4432324171066,
            "genre": "mujer",
            "class": "falda"
        },
        {
            "x": 427.50680208206177,
            "y": 738.2392466068268,
            "width": 269.9971675872803,
            "height": 536.9504570960999,
            "genre": "mujer",
            "class": "calcetines y medias"
        },
        {
            "x": 352.15245723724365,
            "y": 201.36816948652267,
            "width": 404.4551467895508,
            "height": 490.80220609903336,
            "genre": "mujer",
            "class": "camisas"
        }
    ],
    "file_name": "2x1rca2iuu23ok18yig5weco4cgf99she0cv1z9mhjnzlbamh767qtu1zu3znpyw.jpg"
}