{
    "arr_boxes": [
        {
            "x": 416.4712393283844,
            "y": 610.2576836943626,
            "width": 285.73691725730896,
            "height": 125.20032674074173,
            "genre": "hombre",
            "class": "gafas de sol"
        },
        {
            "x": 27.14394450187683,
            "y": 868.8845247030258,
            "width": 713.7378466129303,
            "height": 480.09427785873413,
            "genre": "hombre",
            "class": "chaquetas"
        }
    ],
    "file_name": "2yaneflxu0p0ydgjd9olohccvqw95g7qdof6s4al2ihvvrx6m6ilux9zo24y0n2q.jpg"
}