{
    "arr_boxes": [
        {
            "x": 623.963212966919,
            "y": 741.7069678902626,
            "width": 52.67113208770752,
            "height": 59.715625405311584,
            "genre": "hombre",
            "class": "zapatos"
        },
        {
            "x": 317.3902916908264,
            "y": 879.8969051241875,
            "width": 60.71889638900757,
            "height": 66.04500246047974,
            "genre": "hombre",
            "class": "zapatos"
        },
        {
            "x": 235.19965052604675,
            "y": 848.8273154497147,
            "width": 73.30441474914551,
            "height": 74.60240256786346,
            "genre": "hombre",
            "class": "zapatos"
        },
        {
            "x": 569.094500541687,
            "y": 515.5795265436172,
            "width": 74.35323715209961,
            "height": 78.84327113628387,
            "genre": "hombre",
            "class": "pantalones cortos"
        },
        {
            "x": 182.62412309646606,
            "y": 562.5929530262947,
            "width": 86.21206998825073,
            "height": 108.26646029949188,
            "genre": "mujer",
            "class": "pantalones cortos"
        },
        {
            "x": 374.59357023239136,
            "y": 638.5982780456543,
            "width": 120.65262794494629,
            "height": 133.30283439159393,
            "genre": "hombre",
            "class": "pantalones cortos"
        },
        {
            "x": 544.5992803573608,
            "y": 411.8738944530487,
            "width": 103.26935291290283,
            "height": 164.3336570262909,
            "genre": "hombre",
            "class": "camisas"
        },
        {
            "x": 273.8434088230133,
            "y": 648.0701242089272,
            "width": 142.23329544067383,
            "height": 129.6127735376358,
            "genre": "hombre",
            "class": "pantalones cortos"
        },
        {
            "x": 368.8803720474243,
            "y": 486.0936552286148,
            "width": 117.77933120727539,
            "height": 165.3913013935089,
            "genre": "hombre",
            "class": "camisas"
        },
        {
            "x": 274.28378105163574,
            "y": 501.8202095031738,
            "width": 137.99710035324097,
            "height": 161.67773473262787,
            "genre": "hombre",
            "class": "camisas"
        },
        {
            "x": 481.6696357727051,
            "y": 494.65485602617264,
            "width": 132.3695182800293,
            "height": 189.78951036930084,
            "genre": "hombre",
            "class": "camisas"
        }
    ],
    "file_name": "2yuk3ncxmpjchkauyq176dma1gw21svdmb4euppqy5n5olrp1neh13dp4y9l4mkw.jpg"
}