{
    "arr_boxes": [
        {
            "x": 585.3601241111755,
            "y": 922.0177710056305,
            "width": 174.33435916900635,
            "height": 307.12607502937317,
            "genre": "hombre",
            "class": "camisas"
        },
        {
            "x": 577.8983902931213,
            "y": 1054.847627878189,
            "width": 205.3934383392334,
            "height": 280.9701919555664,
            "genre": "hombre",
            "class": "pantalones"
        }
    ],
    "file_name": "30piqe3idrm714s2fiir54ebwb5krcgt1ymqf3llk4o99baczlcxm09xgi0c1ffy.jpg"
}