{
    "arr_boxes": [
        {
            "x": 390.43055534362793,
            "y": 609.5588493347168,
            "width": 110.71503639221191,
            "height": 56.664276123046875,
            "genre": "mujer",
            "class": "gafas de sol"
        },
        {
            "x": 362.91489601135254,
            "y": 523.4249496459961,
            "width": 145.10916709899902,
            "height": 120.82374572753906,
            "genre": "mujer",
            "class": "sombreros"
        },
        {
            "x": 367.6552963256836,
            "y": 672.2400856018066,
            "width": 182.40251541137695,
            "height": 232.44667053222656,
            "genre": "chica",
            "class": "bufandas"
        },
        {
            "x": 543.4587478637695,
            "y": 701.5634536743164,
            "width": 409.25376892089844,
            "height": 249.55936431884766,
            "genre": "chico",
            "class": "chaquetas"
        }
    ],
    "file_name": "310tzjnkb2h84ui44wh238f6eaxh125tfy863bcwolvra4qu9bd8cwvm7aovwrk2.jpg"
}