{
    "arr_boxes": [
        {
            "x": 943.6298847198486,
            "y": 613.0912334918976,
            "width": 62.75570869445801,
            "height": 42.945677518844604,
            "genre": "hombre",
            "class": "pulseras"
        },
        {
            "x": 740.0141072273254,
            "y": 134.31167909502983,
            "width": 108.17100048065186,
            "height": 52.77953910827637,
            "genre": "hombre",
            "class": "gafas de sol"
        },
        {
            "x": 755.2566719055176,
            "y": 247.85672843456268,
            "width": 115.68320274353027,
            "height": 121.68133556842804,
            "genre": "hombre",
            "class": "collares"
        },
        {
            "x": 670.6570100784302,
            "y": 627.3071730136871,
            "width": 287.633056640625,
            "height": 235.4325613975525,
            "genre": "hombre",
            "class": "pantalones"
        },
        {
            "x": 588.5730457305908,
            "y": 239.20060032606125,
            "width": 440.06694316864014,
            "height": 428.8659839630127,
            "genre": "hombre",
            "class": "camisas"
        }
    ],
    "file_name": "3128knl70r51zas1a4cg5kg735j3zuix8ln4vzr1gd3g750b7er7bbceroft5wlw.jpg"
}