{
    "arr_boxes": [
        {
            "x": 515.5163025856018,
            "y": 673.6432099342346,
            "width": 109.09758567810059,
            "height": 69.56173896789551,
            "genre": "mujer",
            "class": "trajes de ba\u00f1o"
        },
        {
            "x": 496.00513100624084,
            "y": 542.729287147522,
            "width": 150.38962483406067,
            "height": 181.78051471710205,
            "genre": "mujer",
            "class": "trajes de ba\u00f1o"
        }
    ],
    "file_name": "315ayeudl7vstal2brxlbnhtycnhvd9n166unwd46adzze465hbo39y6rf2li9p2.jpg"
}