{
    "arr_boxes": [
        {
            "x": 374.4225597381592,
            "y": 1150.8684874773026,
            "width": 59.87327814102173,
            "height": 91.23470985889435,
            "genre": "mujer",
            "class": "zapatos"
        },
        {
            "x": 556.3701224327087,
            "y": 1170.740351676941,
            "width": 70.78997611999512,
            "height": 104.6595675945282,
            "genre": "hombre",
            "class": "zapatos"
        },
        {
            "x": 349.5685887336731,
            "y": 687.6145684123039,
            "width": 150.69143772125244,
            "height": 123.63747048377991,
            "genre": "mujer",
            "class": "camisas"
        },
        {
            "x": 473.5843312740326,
            "y": 604.0697108507156,
            "width": 180.71330666542053,
            "height": 278.7184500694275,
            "genre": "hombre",
            "class": "camisas"
        },
        {
            "x": 524.0385174751282,
            "y": 790.1150562167168,
            "width": 135.9323787689209,
            "height": 439.53033435344696,
            "genre": "hombre",
            "class": "pantalones"
        },
        {
            "x": 350.8916473388672,
            "y": 848.4259702563286,
            "width": 207.00907230377197,
            "height": 297.28901278972626,
            "genre": "mujer",
            "class": "pantalones"
        }
    ],
    "file_name": "31co33242vk6zotsec6t5a2j6gphz6s4009rykljioblpmbn1hllgku748wrfd6p.jpg"
}