{
    "arr_boxes": [
        {
            "x": 452.4290084838867,
            "y": 1081.4349710941315,
            "width": 80.13056516647339,
            "height": 76.65377855300903,
            "genre": "mujer",
            "class": "pulseras"
        },
        {
            "x": 328.48597526550293,
            "y": 562.7714797854424,
            "width": 474.16301250457764,
            "height": 785.401614010334,
            "genre": "mujer",
            "class": "vestidos"
        }
    ],
    "file_name": "323gbu41f1kitoksmirucdsbp17f6m93ii3fq87b237bt5bsek9jy8ak7njzktjr.jpg"
}