{
    "arr_boxes": [
        {
            "x": 266.0487413406372,
            "y": 153.8543736934662,
            "width": 56.95720195770264,
            "height": 72.4800655245781,
            "genre": "hombre",
            "class": "mochilas"
        },
        {
            "x": 535.6717729568481,
            "y": 139.24547284841537,
            "width": 79.83043670654297,
            "height": 57.324010133743286,
            "genre": "hombre",
            "class": "pantalones cortos"
        },
        {
            "x": 534.9813508987427,
            "y": 76.63910150527954,
            "width": 81.11154556274414,
            "height": 69.7865617275238,
            "genre": "hombre",
            "class": "camisas"
        },
        {
            "x": 187.5750732421875,
            "y": 291.294207572937,
            "width": 109.04110908508301,
            "height": 62.164008021354675,
            "genre": "hombre",
            "class": "zapatos"
        },
        {
            "x": 306.4378094673157,
            "y": 283.15930902957916,
            "width": 102.66489744186401,
            "height": 73.50574493408203,
            "genre": "hombre",
            "class": "zapatos"
        },
        {
            "x": 245.2779507637024,
            "y": 16.47357389330864,
            "width": 95.1225471496582,
            "height": 123.80596697330475,
            "genre": "hombre",
            "class": "camisas"
        },
        {
            "x": 241.84961557388306,
            "y": 110.92163130640984,
            "width": 98.90841007232666,
            "height": 174.70033183693886,
            "genre": "hombre",
            "class": "pantalones"
        }
    ],
    "file_name": "32spegs6n2ew1z13kxgu2h85jd3r63bfu9r8b23jiidh7vq7ryyqxczml4vmop5m.jpg"
}