{
    "arr_boxes": [
        {
            "x": 365.9753394126892,
            "y": 790.8756936192513,
            "width": 145.07720947265625,
            "height": 164.0942929983139,
            "genre": "mujer",
            "class": "chaquetas"
        },
        {
            "x": 363.99786472320557,
            "y": 939.1767135858536,
            "width": 163.17973852157593,
            "height": 159.0887804031372,
            "genre": "mujer",
            "class": "pantalones"
        }
    ],
    "file_name": "331yoxp20fqg2xbq9yjh2joxdm6sypzd3q82yifqx4iickk6cdq532vxcv9tv1f3.jpg"
}