{
    "arr_boxes": [
        {
            "x": 564.1456747055054,
            "y": 1087.5363379716873,
            "width": 55.24466514587402,
            "height": 84.68880319595337,
            "genre": "bebe",
            "class": "anillos"
        },
        {
            "x": 453.78463983535767,
            "y": 598.0561767220497,
            "width": 524.4396257400513,
            "height": 599.7822666168213,
            "genre": "bebe",
            "class": "vestidos"
        }
    ],
    "file_name": "33ziqxqho5wmk8opnupdsnmndd0v0ccm8lswqyulu6nm739mk4d7dim06la0xg68.jpg"
}