{
    "arr_boxes": [
        {
            "x": 517.598705291748,
            "y": 351.5412998199463,
            "width": 72.59319305419922,
            "height": 67.90278196334839,
            "genre": "hombre",
            "class": "collares"
        },
        {
            "x": 587.9416751861572,
            "y": 920.1668214797974,
            "width": 87.34774589538574,
            "height": 111.44256591796875,
            "genre": "hombre",
            "class": "zapatos"
        },
        {
            "x": 504.965500831604,
            "y": 923.4921383857727,
            "width": 110.8896017074585,
            "height": 101.29390239715576,
            "genre": "hombre",
            "class": "zapatos"
        },
        {
            "x": 472.9052925109863,
            "y": 340.8052968978882,
            "width": 193.16694259643555,
            "height": 290.8201003074646,
            "genre": "hombre",
            "class": "camisas"
        },
        {
            "x": 485.68243503570557,
            "y": 591.4790368080139,
            "width": 175.61177730560303,
            "height": 352.68070220947266,
            "genre": "hombre",
            "class": "pantalones"
        }
    ],
    "file_name": "35c0twxk2pgqk4yh7q7h8erewuakzxhp46dp5zp64euer2mjl1lza31puujfo6l3.jpg"
}