{
    "arr_boxes": [
        {
            "x": 462.03983545303345,
            "y": 501.10528922080994,
            "width": 102.28099822998047,
            "height": 48.02156054973602,
            "genre": "hombre",
            "class": "gafas de sol"
        },
        {
            "x": 635.9476590156555,
            "y": 530.4926353096962,
            "width": 94.51233386993408,
            "height": 53.628765404224396,
            "genre": "mujer",
            "class": "gafas de sol"
        },
        {
            "x": 358.39422583580017,
            "y": 526.6191909313202,
            "width": 94.16903257369995,
            "height": 60.70147109031677,
            "genre": "mujer",
            "class": "gafas de sol"
        },
        {
            "x": 811.1114645004272,
            "y": 528.3292417526245,
            "width": 109.5556640625,
            "height": 57.74155521392822,
            "genre": "mujer",
            "class": "gafas de sol"
        },
        {
            "x": 762.150764465332,
            "y": 565.360060095787,
            "width": 210.3320074081421,
            "height": 168.21698093414307,
            "genre": "mujer",
            "class": "bufandas"
        },
        {
            "x": 458.80670070648193,
            "y": 869.135418176651,
            "width": 199.00222778320312,
            "height": 216.2355215549469,
            "genre": "hombre",
            "class": "pantalones"
        },
        {
            "x": 702.2019124031067,
            "y": 861.6201643943787,
            "width": 221.67504787445068,
            "height": 203.28606629371643,
            "genre": "mujer",
            "class": "bolso"
        },
        {
            "x": 213.0805742740631,
            "y": 636.0853178501129,
            "width": 257.41230726242065,
            "height": 438.8696942329407,
            "genre": "mujer",
            "class": "abrigos"
        },
        {
            "x": 692.3162126541138,
            "y": 625.8800141811371,
            "width": 365.0260305404663,
            "height": 454.17816376686096,
            "genre": "mujer",
            "class": "abrigos"
        }
    ],
    "file_name": "35pr6z6lyx97gn5sgkftrtj6k240zxyrec6kywr6si9r4688eaq9qvtn0wewc50j.jpg"
}