{
    "arr_boxes": [
        {
            "x": 560.7606196403503,
            "y": 990.241870880127,
            "width": 164.27259922027588,
            "height": 92.9330062866211,
            "genre": "hombre",
            "class": "bolso"
        },
        {
            "x": 537.2918272018433,
            "y": 821.9513654708862,
            "width": 186.44884586334229,
            "height": 220.75438499450684,
            "genre": "hombre",
            "class": "abrigos"
        }
    ],
    "file_name": "37bai9tyn8xjm9jd9skavqnes2pkg3m3ozq6n5p22peoc5oki3fsiccs3fqieg5b.jpg"
}