{
    "arr_boxes": [
        {
            "x": 446.4112901687622,
            "y": 322.87498980760574,
            "width": 61.26631021499634,
            "height": 45.710506439208984,
            "genre": "hombre",
            "class": "sombreros"
        },
        {
            "x": 487.5717830657959,
            "y": 686.790481209755,
            "width": 43.404858112335205,
            "height": 77.59272336959839,
            "genre": "hombre",
            "class": "zapatos"
        },
        {
            "x": 401.95621848106384,
            "y": 695.14244556427,
            "width": 55.44879198074341,
            "height": 63.431689739227295,
            "genre": "hombre",
            "class": "zapatos"
        },
        {
            "x": 417.79333233833313,
            "y": 516.9039434194565,
            "width": 123.75960230827332,
            "height": 176.11742734909058,
            "genre": "hombre",
            "class": "pantalones"
        },
        {
            "x": 405.4503858089447,
            "y": 363.8746225833893,
            "width": 159.81254696846008,
            "height": 183.41761708259583,
            "genre": "hombre",
            "class": "camisas"
        }
    ],
    "file_name": "394qjuw50by538h78o3el60ui0zn53ctqnjdy4fkiq2g5faxy5lmadlr2qohv5cv.jpg"
}