{
    "arr_boxes": [
        {
            "x": 530.6014752388,
            "y": 749.8098483681679,
            "width": 136.8993902206421,
            "height": 212.81911849975586,
            "genre": "mujer",
            "class": "chaquetas"
        },
        {
            "x": 565.3222846984863,
            "y": 895.6486368179321,
            "width": 102.44450569152832,
            "height": 458.7002635002136,
            "genre": "mujer",
            "class": "pantalones"
        }
    ],
    "file_name": "3966heda36v44rfct9tsnn4xr6smcx5rzyv718k07yo5l9c3wxdj8xlbzo8t6of9.jpg"
}