{
    "arr_boxes": [
        {
            "x": 51.40234440565109,
            "y": 621.0729217529297,
            "width": 99.37628656625748,
            "height": 47.053842544555664,
            "genre": "hombre",
            "class": "gafas de sol"
        },
        {
            "x": 51.402605921030045,
            "y": 52.557940632104874,
            "width": 106.63446888327599,
            "height": 51.23381182551384,
            "genre": "hombre",
            "class": "gafas de sol"
        },
        {
            "x": 147.2748237848282,
            "y": 145.79289257526398,
            "width": 105.85244536399841,
            "height": 57.56283402442932,
            "genre": "mujer",
            "class": "gafas de sol"
        },
        {
            "x": 309.0015506744385,
            "y": 604.4444060325623,
            "width": 104.86924409866333,
            "height": 58.10398578643799,
            "genre": "hombre",
            "class": "gafas de sol"
        },
        {
            "x": 594.785943031311,
            "y": 28.900408521294594,
            "width": 115.47772407531738,
            "height": 61.24949477612972,
            "genre": "mujer",
            "class": "gafas de sol"
        },
        {
            "x": 309.33406949043274,
            "y": 27.489921301603317,
            "width": 118.3201789855957,
            "height": 64.24632623791695,
            "genre": "mujer",
            "class": "gafas de sol"
        },
        {
            "x": 385.97973704338074,
            "y": 999.0703725814819,
            "width": 138.37810277938843,
            "height": 79.21048164367676,
            "class": "camisas"
        },
        {
            "x": 63.23587507009506,
            "y": 1008.7002539634705,
            "width": 157.49092608690262,
            "height": 70.27074337005615,
            "class": "camisas"
        },
        {
            "x": 972.717604637146,
            "y": 963.4531688690186,
            "width": 108.79117012023926,
            "height": 119.27006721496582,
            "genre": "hombre",
            "class": "camisas"
        },
        {
            "x": 448.6352491378784,
            "y": 375.68320870399475,
            "width": 114.98913288116455,
            "height": 151.119647026062,
            "class": "trajes de ba\u00f1o"
        },
        {
            "x": 523.688714504242,
            "y": 112.98486292362213,
            "width": 201.8190622329712,
            "height": 170.41721284389496,
            "class": "camisas"
        }
    ],
    "file_name": "39l2d13gkrnrwqxjhg5mnhvihcrhxnzri8zyu3k03c8xel7bufngk9tyc9arcnu3.jpg"
}