{
    "arr_boxes": [
        {
            "x": 200.31459599733353,
            "y": 440.16527926921844,
            "width": 101.33130490779877,
            "height": 140.47290110588074,
            "genre": "mujer",
            "class": "camisas"
        },
        {
            "x": 266.2184536457062,
            "y": 440.90154325962067,
            "width": 132.83552527427673,
            "height": 144.25646567344666,
            "genre": "mujer",
            "class": "camisas"
        },
        {
            "x": 528.7775319814682,
            "y": 470.64203572273254,
            "width": 133.4304714202881,
            "height": 154.50127339363098,
            "genre": "hombre",
            "class": "camisas"
        },
        {
            "x": 388.6466574668884,
            "y": 412.51949125528336,
            "width": 127.96844959259033,
            "height": 184.85161131620407,
            "genre": "hombre",
            "class": "camisas"
        },
        {
            "x": 391.9002306461334,
            "y": 563.5137486457825,
            "width": 117.69487380981445,
            "height": 262.52502179145813,
            "genre": "hombre",
            "class": "pantalones"
        }
    ],
    "file_name": "3bnf5xey4fumtumsi08s6c58h9xvfjlbwwgf8ieypzf2igqxz2990w4bpqh9afoe.jpg"
}