{
    "arr_boxes": [
        {
            "x": 0.0,
            "y": 236.57143592834473,
            "width": 386.8296432495117,
            "height": 157.49407768249512,
            "genre": "hombre",
            "class": "gafas de sol"
        },
        {
            "x": 1.4319992065429688,
            "y": 7.997757196426392,
            "width": 402.5713777542114,
            "height": 282.8791844844818,
            "genre": "hombre",
            "class": "sombreros"
        }
    ],
    "file_name": "3c45rhssx99lsxksp8riigqqagyiirgni7f4j0vql6p4w3dsx8au3c8gmlrbnmio.jpg"
}