{
    "arr_boxes": [
        {
            "x": 567.0307445526123,
            "y": 1272.3262310028076,
            "width": 46.117730140686035,
            "height": 63.36171627044678,
            "genre": "hombre",
            "class": "zapatos"
        },
        {
            "x": 523.4256219863892,
            "y": 1274.3395775556564,
            "width": 60.77417850494385,
            "height": 67.6882266998291,
            "genre": "hombre",
            "class": "zapatos"
        },
        {
            "x": 411.50779008865356,
            "y": 1272.2484201192856,
            "width": 78.76579284667969,
            "height": 66.96531772613525,
            "genre": "mujer",
            "class": "zapatos"
        },
        {
            "x": 488.091756105423,
            "y": 890.407320857048,
            "width": 115.89399218559265,
            "height": 159.8534882068634,
            "genre": "hombre",
            "class": "chaquetas"
        },
        {
            "x": 460.3041458129883,
            "y": 1030.7845920324326,
            "width": 139.48255062103271,
            "height": 248.62403869628906,
            "genre": "hombre",
            "class": "pantalones"
        }
    ],
    "file_name": "3chj08vvk15kwt9e671y539wxza4evd5tpz7osjylbgmty9uleeoxn8ooac0zka5.jpg"
}