{
    "arr_boxes": [
        {
            "x": 467.6113522052765,
            "y": 400.47205835580826,
            "width": 238.37897658348083,
            "height": 157.77351558208466,
            "genre": "hombre",
            "class": "sombreros"
        },
        {
            "x": 380.97753524780273,
            "y": 1030.7029992341995,
            "width": 220.1968502998352,
            "height": 290.8125042915344,
            "genre": "hombre",
            "class": "zapatos"
        },
        {
            "x": 579.8378205299377,
            "y": 1081.9637954235077,
            "width": 242.57336139678955,
            "height": 268.301260471344,
            "genre": "hombre",
            "class": "zapatos"
        },
        {
            "x": 277.6360559463501,
            "y": 683.9599192142487,
            "width": 631.2479782104492,
            "height": 551.27232670784,
            "genre": "hombre",
            "class": "pantalones"
        },
        {
            "x": 229.73870158195496,
            "y": 541.7361482977867,
            "width": 657.0055210590363,
            "height": 536.138029396534,
            "genre": "hombre",
            "class": "camisas"
        }
    ],
    "file_name": "3d2axny3n4xovn2ux2e7j99cugcpdg46pctg4mew113xpukq2trlbd19s1y59e2s.jpg"
}