{
    "arr_boxes": [
        {
            "x": 573.7224769592285,
            "y": 595.2953338623047,
            "width": 56.75468444824219,
            "height": 30.52997589111328,
            "genre": "mujer",
            "class": "gafas de sol"
        },
        {
            "x": 173.0592441558838,
            "y": 552.0059394836426,
            "width": 47.32950210571289,
            "height": 43.72386932373047,
            "genre": "mujer",
            "class": "gafas de sol"
        },
        {
            "x": 373.82211685180664,
            "y": 676.5670967102051,
            "width": 117.88702011108398,
            "height": 50.48652648925781,
            "genre": "hombre",
            "class": "gafas de sol"
        },
        {
            "x": 107.99992561340332,
            "y": 791.4129066467285,
            "width": 136.380615234375,
            "height": 168.85465621948242,
            "genre": "mujer",
            "class": "pantalones"
        },
        {
            "x": 543.8848686218262,
            "y": 616.0420989990234,
            "width": 163.12397003173828,
            "height": 192.62718200683594,
            "genre": "mujer",
            "class": "chaquetas"
        },
        {
            "x": 103.93392562866211,
            "y": 581.2877655029297,
            "width": 173.41904640197754,
            "height": 209.6440887451172,
            "genre": "mujer",
            "class": "camisas"
        }
    ],
    "file_name": "3d7wtt1vkldhrkvp4r274ye8xvddpk20fa5lpapx1a1326t8zlcr79fwz2rau8zm.jpg"
}