{
    "arr_boxes": [
        {
            "x": 478.4953486919403,
            "y": 615.4847726225853,
            "width": 217.30601906776428,
            "height": 204.5151248574257,
            "genre": "mujer",
            "class": "camisas"
        },
        {
            "x": 411.5677213668823,
            "y": 808.6027354001999,
            "width": 270.59557914733887,
            "height": 289.3703877925873,
            "genre": "mujer",
            "class": "falda"
        }
    ],
    "file_name": "3ds89qxe36jurzhwy3t2nz0edi6rmiobpjmnspo34oiwxsxoaqgt975mhwwv3qmo.jpg"
}