{
    "arr_boxes": [
        {
            "x": 634.4018697738647,
            "y": 533.4123873710632,
            "width": 162.20880031585693,
            "height": 85.59126377105713,
            "genre": "mujer",
            "class": "gafas de sol"
        },
        {
            "x": 498.05599093437195,
            "y": 700.1822733879089,
            "width": 525.1139652729034,
            "height": 389.68108892440796,
            "genre": "mujer",
            "class": "camisas"
        }
    ],
    "file_name": "3dwx20u5jhm51cij9wq6lwqtzpdcko3s5w1jkbhiha4cmdl9fk77wmj4bjrup90f.jpg"
}