{
    "arr_boxes": [
        {
            "x": 49.8615038394928,
            "y": 881.0040163993835,
            "width": 304.94054675102234,
            "height": 93.03291320800781,
            "genre": "mujer",
            "class": "pantalones cortos"
        },
        {
            "x": 455.1651191711426,
            "y": 371.54177069664,
            "width": 147.28951692581177,
            "height": 208.62943768501282,
            "genre": "mujer",
            "class": "collares"
        },
        {
            "x": 663.1327056884766,
            "y": 86.45065158605576,
            "width": 214.10310745239258,
            "height": 148.6970892548561,
            "genre": "mujer",
            "class": "sombreros"
        },
        {
            "x": 393.65068316459656,
            "y": 729.075779914856,
            "width": 279.2671072483063,
            "height": 225.05566120147705,
            "genre": "mujer",
            "class": "pantalones cortos"
        },
        {
            "x": 339.1039180755615,
            "y": 398.4078812599182,
            "width": 373.0066752433777,
            "height": 467.82883644104004,
            "genre": "mujer",
            "class": "camisas"
        },
        {
            "x": 27.690922021865845,
            "y": 401.46212339401245,
            "width": 373.6085629463196,
            "height": 534.3038892745972,
            "genre": "mujer",
            "class": "camisas"
        },
        {
            "x": 669.4666242599487,
            "y": 335.1325535774231,
            "width": 351.9332027435303,
            "height": 610.0132513046265,
            "genre": "mujer",
            "class": "camisas"
        }
    ],
    "file_name": "3f7ihoe1v6olhqaguhbxa6a3vz9ks5ftcc9hhcvdesv5iegd8jbw4vh6f4dq8sp1.jpg"
}