{
    "arr_boxes": [
        {
            "x": 560.6345772743225,
            "y": 282.3851430416107,
            "width": 83.879714012146,
            "height": 79.39119279384613,
            "genre": "mujer",
            "class": "camisas"
        },
        {
            "x": 538.5009777545929,
            "y": 367.3046824336052,
            "width": 105.24669528007507,
            "height": 78.48601967096329,
            "genre": "mujer",
            "class": "pantalones cortos"
        }
    ],
    "file_name": "3fne2dew2edggo8khp0opbmu96j42zqcfw1ji84il9nicgdda20ge364zi2rezxl.jpg"
}