{
    "arr_boxes": [
        {
            "x": 607.5761318206787,
            "y": 673.183798789978,
            "width": 60.78183650970459,
            "height": 103.36589813232422,
            "genre": "mujer",
            "class": "bolso"
        },
        {
            "x": 510.0363492965698,
            "y": 545.1621413230896,
            "width": 87.67616748809814,
            "height": 88.02318572998047,
            "genre": "mujer",
            "class": "bufandas"
        },
        {
            "x": 522.1878886222839,
            "y": 680.5143356323242,
            "width": 93.9723253250122,
            "height": 259.59575176239014,
            "genre": "mujer",
            "class": "pantalones"
        },
        {
            "x": 481.95740580558777,
            "y": 545.8257794380188,
            "width": 151.33073925971985,
            "height": 218.30856800079346,
            "genre": "mujer",
            "class": "abrigos"
        }
    ],
    "file_name": "3fzji5wxg54kvub3c92qkx8spaecpzrgyrmtf11772ldyme385selt36bopyr8pg.jpg"
}