{
    "arr_boxes": [
        {
            "x": 513.8788461685181,
            "y": 1074.9193757772446,
            "width": 205.74259757995605,
            "height": 275.6429225206375,
            "genre": "mujer",
            "class": "pantalones"
        },
        {
            "x": 399.00983333587646,
            "y": 706.3982605934143,
            "width": 342.703914642334,
            "height": 400.2241015434265,
            "genre": "mujer",
            "class": "chaquetas"
        }
    ],
    "file_name": "3g36a3ls8i5zts3bvp8urs6u1glrnlgwoxjolikmv41pclla0qvesmqi9ew1lybb.jpg"
}