{
    "arr_boxes": [
        {
            "x": 504.3311047554016,
            "y": 587.3568624258041,
            "width": 96.3868761062622,
            "height": 56.375473737716675,
            "genre": "hombre",
            "class": "gafas de sol"
        },
        {
            "x": 453.431875705719,
            "y": 1248.1804758310318,
            "width": 123.53342771530151,
            "height": 111.9643896818161,
            "genre": "hombre",
            "class": "zapatos"
        },
        {
            "x": 567.4847030639648,
            "y": 1184.753903746605,
            "width": 123.95230293273926,
            "height": 155.53228855133057,
            "genre": "hombre",
            "class": "zapatos"
        },
        {
            "x": 384.92833256721497,
            "y": 659.6946716308594,
            "width": 258.5827052593231,
            "height": 380.8314085006714,
            "genre": "hombre",
            "class": "camisas"
        },
        {
            "x": 424.49923038482666,
            "y": 948.0374246835709,
            "width": 354.8353958129883,
            "height": 348.7158715724945,
            "genre": "hombre",
            "class": "pantalones"
        }
    ],
    "file_name": "3gtxevy0ivb39gagtdo211ouxgdcu9cu08wcqsah873gcju99s35llkvvio34hak.jpg"
}