{
    "arr_boxes": [
        {
            "x": 455.73694467544556,
            "y": 147.91678369045258,
            "width": 109.56100702285767,
            "height": 52.79633402824402,
            "genre": "hombre",
            "class": "gafas de sol"
        },
        {
            "x": 447.25682973861694,
            "y": 96.91869378089905,
            "width": 122.45009422302246,
            "height": 93.32922220230103,
            "genre": "hombre",
            "class": "sombreros"
        },
        {
            "x": 313.9497756958008,
            "y": 961.395742893219,
            "width": 135.91023445129395,
            "height": 100.05639553070068,
            "genre": "hombre",
            "class": "zapatos"
        },
        {
            "x": 448.7079584598541,
            "y": 939.428129196167,
            "width": 169.72779393196106,
            "height": 99.81216430664062,
            "genre": "hombre",
            "class": "zapatos"
        },
        {
            "x": 329.8578929901123,
            "y": 550.9995460510254,
            "width": 245.91193914413452,
            "height": 433.70418548583984,
            "genre": "hombre",
            "class": "pantalones"
        },
        {
            "x": 315.65688371658325,
            "y": 212.86447405815125,
            "width": 320.8667850494385,
            "height": 419.30687069892883,
            "genre": "hombre",
            "class": "camisas"
        }
    ],
    "file_name": "3hn0xuzljrp7ljbh7bb0nco08e60seqmpt3rddp0d2ff0qvp6l61o9bk23gloq8q.jpg"
}