{
    "arr_boxes": [
        {
            "x": 629.5368790626526,
            "y": 350.9426146745682,
            "width": 52.07017421722412,
            "height": 88.83846402168274,
            "genre": "mujer",
            "class": "pendientes"
        },
        {
            "x": 197.32115864753723,
            "y": 506.3724294304848,
            "width": 727.2181355953217,
            "height": 828.9617881178856,
            "genre": "mujer",
            "class": "abrigos"
        }
    ],
    "file_name": "3hn6sfpx9nc5d0jwo79bp0skj07mwop0d0anzjgbttoah92yuc5ulvlh6oflrjzr.jpg"
}