{
    "arr_boxes": [
        {
            "x": 329.24931049346924,
            "y": 487.9596416950226,
            "width": 125.93228816986084,
            "height": 56.589248180389404,
            "genre": "mujer",
            "class": "gafas de sol"
        },
        {
            "x": 8.224843740463257,
            "y": 600.6626390814781,
            "width": 759.7183334827423,
            "height": 203.1673402786255,
            "genre": "mujer",
            "class": "chaquetas"
        }
    ],
    "file_name": "3m3lg7cy8712dp360sz1ewj7yo7lmk1qapfvdi9zv2pvx9zo9ri378tvkwasbt3i.jpg"
}