{
    "arr_boxes": [
        {
            "x": 567.3305296897888,
            "y": 625.805014371872,
            "width": 72.18249320983887,
            "height": 38.871243596076965,
            "genre": "hombre",
            "class": "gafas de sol"
        },
        {
            "x": 716.7869067192078,
            "y": 629.8020556569099,
            "width": 81.57657623291016,
            "height": 41.319188475608826,
            "genre": "hombre",
            "class": "gafas de sol"
        },
        {
            "x": 432.59461998939514,
            "y": 894.0248429775238,
            "width": 120.80076098442078,
            "height": 126.40188932418823,
            "genre": "hombre",
            "class": "bolso"
        },
        {
            "x": 430.803279876709,
            "y": 681.0670763254166,
            "width": 229.64713096618652,
            "height": 260.59178709983826,
            "genre": "hombre",
            "class": "chaquetas"
        },
        {
            "x": 508.36925625801086,
            "y": 935.4768812656403,
            "width": 191.1463701725006,
            "height": 313.63579630851746,
            "genre": "hombre",
            "class": "pantalones"
        },
        {
            "x": 684.3231439590454,
            "y": 937.0559513568878,
            "width": 175.42046070098877,
            "height": 387.1163070201874,
            "genre": "hombre",
            "class": "pantalones"
        },
        {
            "x": 662.4126291275024,
            "y": 679.6294659376144,
            "width": 228.76728057861328,
            "height": 358.7014138698578,
            "genre": "hombre",
            "class": "chaquetas"
        }
    ],
    "file_name": "3mo19jmznfvwvrkuvva6hnwpigv1n61x9j8dvmeynjngnrrx51op6r1aq9uls614.jpg"
}