{
    "arr_boxes": [
        {
            "x": 586.3843305110931,
            "y": 257.45046159625053,
            "width": 94.21372652053833,
            "height": 61.88261318206787,
            "genre": "mujer",
            "class": "collares"
        },
        {
            "x": 567.5810149908066,
            "y": 118.30516104400158,
            "width": 129.39347112178802,
            "height": 65.73478156328201,
            "genre": "mujer",
            "class": "gafas de sol"
        },
        {
            "x": 594.7314370274544,
            "y": 981.4461785554886,
            "width": 88.84513247013092,
            "height": 148.75926685333252,
            "genre": "mujer",
            "class": "zapatos"
        },
        {
            "x": 214.21504826843739,
            "y": 1031.5667343139648,
            "width": 111.72793664038181,
            "height": 136.2910029888153,
            "genre": "mujer",
            "class": "zapatos"
        },
        {
            "x": 331.7090322971344,
            "y": 997.0460959672928,
            "width": 104.95353955030441,
            "height": 152.27201223373413,
            "genre": "mujer",
            "class": "zapatos"
        },
        {
            "x": 496.933788895607,
            "y": 959.4814691543579,
            "width": 99.34741735458374,
            "height": 164.24443793296814,
            "genre": "mujer",
            "class": "zapatos"
        },
        {
            "x": 137.4532875418663,
            "y": 558.4104779064655,
            "width": 199.25198984146118,
            "height": 223.42210176587105,
            "genre": "mujer",
            "class": "bolso"
        },
        {
            "x": 508.4857661128044,
            "y": 256.93077029287815,
            "width": 260.3123052120209,
            "height": 521.0807006806135,
            "genre": "mujer",
            "class": "vestidos"
        }
    ],
    "file_name": "3q0qdpnbb0th18sl02fhe3z0kuhsd58im81fejw7bc6c6u76idviej765lhzzest.jpg"
}