{
    "arr_boxes": [
        {
            "x": 136.15776479244232,
            "y": 317.7754157781601,
            "width": 435.9733182191849,
            "height": 373.3253860473633,
            "genre": "mujer",
            "class": "camisas"
        },
        {
            "x": 599.2399764060974,
            "y": 364.5361277461052,
            "width": 497.9771018028259,
            "height": 414.96921569108963,
            "genre": "mujer",
            "class": "camisas"
        }
    ],
    "file_name": "3qaemcgysfotoq5v5038cmk82vsxlt4jny1ktdxdne444c95396bmxs41rx9ik8t.jpg"
}