{
    "arr_boxes": [
        {
            "x": 644.2369079589844,
            "y": 400.82087963819504,
            "width": 82.34737873077393,
            "height": 45.91180086135864,
            "genre": "mujer",
            "class": "gafas de sol"
        },
        {
            "x": 741.7526936531067,
            "y": 1054.3454378843307,
            "width": 80.46974658966064,
            "height": 146.68904542922974,
            "genre": "mujer",
            "class": "zapatos"
        },
        {
            "x": 598.4089851379395,
            "y": 1000.846391916275,
            "width": 97.74514675140381,
            "height": 147.41131067276,
            "genre": "mujer",
            "class": "zapatos"
        },
        {
            "x": 354.21661019325256,
            "y": 1050.9722918272018,
            "width": 141.13365411758423,
            "height": 147.73800373077393,
            "genre": "hombre",
            "class": "zapatos"
        },
        {
            "x": 455.68769931793213,
            "y": 1191.7851269245148,
            "width": 142.5537872314453,
            "height": 149.17255640029907,
            "genre": "hombre",
            "class": "zapatos"
        },
        {
            "x": 195.46618580818176,
            "y": 1101.1220902204514,
            "width": 158.84608268737793,
            "height": 208.66175293922424,
            "genre": "hombre",
            "class": "zapatos"
        },
        {
            "x": 605.6904101371765,
            "y": 493.0232763290405,
            "width": 204.31725025177002,
            "height": 234.37539339065552,
            "genre": "mujer",
            "class": "camisas"
        },
        {
            "x": 641.4839315414429,
            "y": 732.3280334472656,
            "width": 164.2467212677002,
            "height": 341.6269540786743,
            "genre": "mujer",
            "class": "pantalones"
        },
        {
            "x": 829.9538326263428,
            "y": 576.5285968780518,
            "width": 229.35616493225098,
            "height": 270.9846496582031,
            "class": "bolso"
        },
        {
            "x": 224.8316752910614,
            "y": 688.0402833223343,
            "width": 237.42570877075195,
            "height": 385.86409091949463,
            "genre": "hombre",
            "class": "pantalones"
        },
        {
            "x": 155.52918255329132,
            "y": 438.8551935553551,
            "width": 383.50129544734955,
            "height": 328.4531369805336,
            "genre": "hombre",
            "class": "chaquetas"
        }
    ],
    "file_name": "3qgu0wrh0ky66zmatmtd91thrmxsniy5ih1wc2glvtkxmahemlctcw5948leuhkb.jpg"
}