{
    "arr_boxes": [
        {
            "x": 504.31591272354126,
            "y": 733.7449982762337,
            "width": 132.2869348526001,
            "height": 43.09716880321503,
            "genre": "chico",
            "class": "gafas de sol"
        },
        {
            "x": 493.7330210208893,
            "y": 1255.8311077952385,
            "width": 118.97758841514587,
            "height": 91.62709438800812,
            "genre": "chico",
            "class": "zapatos"
        },
        {
            "x": 324.04343247413635,
            "y": 1207.8871859908104,
            "width": 127.49661684036255,
            "height": 109.4712632894516,
            "genre": "chico",
            "class": "zapatos"
        },
        {
            "x": 647.5800561904907,
            "y": 1256.6357372999191,
            "width": 158.63828659057617,
            "height": 97.438405752182,
            "genre": "chico",
            "class": "zapatos"
        },
        {
            "x": 339.7020399570465,
            "y": 969.6070975065231,
            "width": 207.09600806236267,
            "height": 273.6697155237198,
            "genre": "chico",
            "class": "pantalones"
        },
        {
            "x": 495.99502444267273,
            "y": 1030.912516593933,
            "width": 240.85914015769958,
            "height": 252.15723371505737,
            "genre": "chico",
            "class": "pantalones"
        },
        {
            "x": 467.11159229278564,
            "y": 792.2866794466972,
            "width": 256.00775241851807,
            "height": 305.3184224367142,
            "genre": "chico",
            "class": "camisas"
        }
    ],
    "file_name": "3r0rebbarv3spzmggme4p7yvthfsvxp6v2kdkpgzz4omqm947ron1bzeomew24bk.jpg"
}