{
    "arr_boxes": [
        {
            "x": 596.3428044319153,
            "y": 672.3071635365486,
            "width": 71.18290901184082,
            "height": 63.87483358383179,
            "genre": "mujer",
            "class": "zapatos"
        },
        {
            "x": 552.248318195343,
            "y": 359.4882012605667,
            "width": 115.37562847137451,
            "height": 295.4222034215927,
            "genre": "mujer",
            "class": "vestidos"
        }
    ],
    "file_name": "3r8e365o85o3gplgwqhorcqfghh6a7xm47g2xxi6krthw5k5dsb22x90corsukcz.jpg"
}