{
    "arr_boxes": [
        {
            "x": 486.4434850215912,
            "y": 966.5667629241943,
            "width": 130.32365441322327,
            "height": 120.17116069793701,
            "genre": "hombre",
            "class": "pantalones"
        },
        {
            "x": 476.92899227142334,
            "y": 649.827446937561,
            "width": 243.2182502746582,
            "height": 382.15710639953613,
            "genre": "hombre",
            "class": "camisas"
        }
    ],
    "file_name": "3rhyr9qdsciznm2m19vepv6zu28s0t2jnpky5k3b6i73loppl7u8ukvpq5n02bqq.jpg"
}