{
    "arr_boxes": [
        {
            "x": 567.2613286972046,
            "y": 802.3334934711456,
            "width": 82.67310619354248,
            "height": 89.01306366920471,
            "genre": "mujer",
            "class": "zapatos"
        },
        {
            "x": 76.41674101352692,
            "y": 837.4960144162178,
            "width": 150.52741527557373,
            "height": 66.72573101520538,
            "genre": "mujer",
            "class": "zapatos"
        },
        {
            "x": 0.0,
            "y": 760.3680490255356,
            "width": 80.23299872875214,
            "height": 143.7009493112564,
            "class": "bolso"
        },
        {
            "x": 310.13972997665405,
            "y": 425.80701357126236,
            "width": 177.94864654541016,
            "height": 166.98838818073273,
            "genre": "mujer",
            "class": "camisas"
        },
        {
            "x": 175.92889487743378,
            "y": 585.4036769270897,
            "width": 428.3731824159622,
            "height": 293.4055640697479,
            "genre": "mujer",
            "class": "pantalones"
        }
    ],
    "file_name": "3s7gz58qs5fekxnni6lskxvjct45qev7prt96n7kc45l2an8gc2zod1bzpc3he4y.jpg"
}