{
    "arr_boxes": [
        {
            "x": 337.0539593696594,
            "y": 214.64653238654137,
            "width": 130.56038618087769,
            "height": 86.75881326198578,
            "genre": "mujer",
            "class": "gafas de sol"
        },
        {
            "x": 524.6611976623535,
            "y": 828.2664388418198,
            "width": 197.28604316711426,
            "height": 189.89476561546326,
            "genre": "mujer",
            "class": "zapatos"
        },
        {
            "x": 783.0427694320679,
            "y": 1026.7544388771057,
            "width": 248.35174083709717,
            "height": 161.42982244491577,
            "genre": "mujer",
            "class": "zapatos"
        },
        {
            "x": 116.9443666934967,
            "y": 715.8707499504089,
            "width": 244.0953004360199,
            "height": 167.62298941612244,
            "genre": "mujer",
            "class": "bolso"
        },
        {
            "x": 249.4378423690796,
            "y": 310.40748953819275,
            "width": 390.2360486984253,
            "height": 366.2488281726837,
            "genre": "mujer",
            "class": "camisas"
        },
        {
            "x": 361.1776828765869,
            "y": 448.75439554452896,
            "width": 546.3111305236816,
            "height": 596.4078292250633,
            "genre": "mujer",
            "class": "pantalones"
        }
    ],
    "file_name": "3udcy1c5gg7mm4rf5fdehki7c8u5leu30t47q003o16wlwd7r4v3sgblbf03o4yu.jpg"
}