{
    "arr_boxes": [
        {
            "x": 352.795672416687,
            "y": 934.4622700810432,
            "width": 56.498780250549316,
            "height": 53.59981644153595,
            "class": "zapatos"
        },
        {
            "x": 749.4837641716003,
            "y": 944.7353400588036,
            "width": 68.8002061843872,
            "height": 50.865081906318665,
            "genre": "mujer",
            "class": "zapatos"
        },
        {
            "x": 547.8050994873047,
            "y": 650.9135700464249,
            "width": 159.2171287536621,
            "height": 148.2497056722641,
            "genre": "mujer",
            "class": "camisas"
        },
        {
            "x": 324.3820345401764,
            "y": 729.5373075008392,
            "width": 124.55625057220459,
            "height": 199.5518046617508,
            "genre": "mujer",
            "class": "pantalones"
        },
        {
            "x": 589.2528247833252,
            "y": 755.0925241112709,
            "width": 192.03166007995605,
            "height": 226.77037644386292,
            "genre": "mujer",
            "class": "pantalones"
        }
    ],
    "file_name": "3w33vnhywkvo4kfppt7ur6qcnz3p60yvboys3x18syklcph9sj8m7jh426dbvzal.jpg"
}