{
    "arr_boxes": [
        {
            "x": 540.7316637039185,
            "y": 239.07979488372803,
            "width": 130.16751766204834,
            "height": 56.49826526641846,
            "genre": "hombre",
            "class": "gafas de sol"
        },
        {
            "x": 288.7007474899292,
            "y": 344.0298056602478,
            "width": 473.0208420753479,
            "height": 367.71371126174927,
            "genre": "hombre",
            "class": "camisas"
        }
    ],
    "file_name": "3xmbb6u42zh3rrmv9lpvnsnm4ufvpa6gxal7ry14ok9jr080h4buengdmfojawd3.jpg"
}