{
    "arr_boxes": [
        {
            "x": 189.66809749603271,
            "y": 179.10431385040283,
            "width": 223.275146484375,
            "height": 374.60537910461426,
            "genre": "mujer",
            "class": "chaquetas"
        },
        {
            "x": 351.1069107055664,
            "y": 157.84321546554565,
            "width": 348.80578994750977,
            "height": 438.6490845680237,
            "genre": "hombre",
            "class": "abrigos"
        }
    ],
    "file_name": "3yitterwi3y6bgovl93kyfu8rvsvv2q6wngnqxav6xeuwnr3zzc0d035vbrerl3g.jpg"
}