{
    "arr_boxes": [
        {
            "x": 557.5982308387756,
            "y": 556.2018513679504,
            "width": 172.7900505065918,
            "height": 83.72084140777588,
            "genre": "hombre",
            "class": "gafas de sol"
        },
        {
            "x": 473.66283416748047,
            "y": 700.2646064758301,
            "width": 429.6664524078369,
            "height": 383.46259117126465,
            "genre": "hombre",
            "class": "camisas"
        }
    ],
    "file_name": "3z17gxfejf0x36quqwwbzsu8uhwlmbsd4zn0ru2tocqg3l0v9d5icti63lrld1ty.jpg"
}