{
    "arr_boxes": [
        {
            "x": 347.381386756897,
            "y": 517.8398144245148,
            "width": 88.74979019165039,
            "height": 88.38077187538147,
            "genre": "hombre",
            "class": "sombreros"
        },
        {
            "x": 288.3510732650757,
            "y": 669.0286302566528,
            "width": 277.7227020263672,
            "height": 373.0922269821167,
            "genre": "hombre",
            "class": "camisas"
        }
    ],
    "file_name": "3zifkgfwl35actadei21up1y9nmtromcpixvo6tdlwekigzi9eerupbow35lrhmp.jpg"
}