{
    "arr_boxes": [
        {
            "x": 683.0378723144531,
            "y": 444.3013036251068,
            "width": 307.0858097076416,
            "height": 152.78385043144226,
            "genre": "mujer",
            "class": "gafas de sol"
        },
        {
            "x": 3.4020495414733887,
            "y": 351.8055832386017,
            "width": 765.8029675483704,
            "height": 749.5914924144745,
            "genre": "hombre",
            "class": "chaquetas"
        }
    ],
    "file_name": "40aa0jbevulybpur93zopep4wdcrooy88o9gy0db8qadnyhhbhdme8n8zoxyrwyf.jpg"
}