{
    "arr_boxes": [
        {
            "x": 130.43688654899597,
            "y": 326.7784810066223,
            "width": 59.55361247062683,
            "height": 31.29783868789673,
            "genre": "chica",
            "class": "gafas de sol"
        },
        {
            "x": 560.8115816116333,
            "y": 167.46049582958221,
            "width": 66.92296028137207,
            "height": 45.42275905609131,
            "genre": "hombre",
            "class": "sombreros"
        },
        {
            "x": 122.34300971031189,
            "y": 221.43451809883118,
            "width": 105.49197793006897,
            "height": 99.41993951797485,
            "genre": "hombre",
            "class": "camisas"
        },
        {
            "x": 131.63469672203064,
            "y": 383.900842666626,
            "width": 106.87801480293274,
            "height": 117.28267908096313,
            "genre": "chica",
            "class": "camisas"
        },
        {
            "x": 19.416891932487488,
            "y": 409.21247363090515,
            "width": 103.78917753696442,
            "height": 128.48841190338135,
            "genre": "chica",
            "class": "pantalones"
        },
        {
            "x": 406.06863498687744,
            "y": 238.6591923236847,
            "width": 97.93951034545898,
            "height": 146.29064083099365,
            "genre": "hombre",
            "class": "camisas"
        },
        {
            "x": 472.95833587646484,
            "y": 277.5482511520386,
            "width": 106.37486457824707,
            "height": 144.4188666343689,
            "genre": "mujer",
            "class": "camisas"
        },
        {
            "x": 559.6162605285645,
            "y": 419.66243505477905,
            "width": 129.3226432800293,
            "height": 121.21072053909302,
            "genre": "hombre",
            "class": "pantalones"
        },
        {
            "x": 14.632152915000916,
            "y": 257.0312029123306,
            "width": 131.50034487247467,
            "height": 159.81806695461273,
            "genre": "chica",
            "class": "camisas"
        },
        {
            "x": 241.18462085723877,
            "y": 262.4648004770279,
            "width": 133.10224056243896,
            "height": 200.0719302892685,
            "genre": "chico",
            "class": "camisas"
        },
        {
            "x": 539.5876693725586,
            "y": 237.80887305736542,
            "width": 166.22623443603516,
            "height": 206.45081341266632,
            "genre": "hombre",
            "class": "camisas"
        }
    ],
    "file_name": "42f5u2nphq07gn60n3zb0b6z23e5bj5d8jqgl0110eslmf6upu4fwa0x2zli96gx.jpg"
}