{
    "arr_boxes": [
        {
            "x": 578.6483359336853,
            "y": 694.9505656957626,
            "width": 142.1643304824829,
            "height": 591.7034089565277,
            "genre": "hombre",
            "class": "camisas ocultas debajo de la chaqueta"
        },
        {
            "x": 470.87284326553345,
            "y": 595.4685062170029,
            "width": 581.0649633407593,
            "height": 759.793022274971,
            "genre": "hombre",
            "class": "abrigos"
        }
    ],
    "file_name": "42tts98248dlbja3kqsx63zzc107wh5xeptdzfl0wyqw325zno3d4m298mg3cpzb.jpg"
}