{
    "arr_boxes": [
        {
            "x": 375.66074323654175,
            "y": 305.4075493812561,
            "width": 137.6498236656189,
            "height": 171.76722407341003,
            "genre": "mujer",
            "class": "camisas"
        },
        {
            "x": 385.9093601703644,
            "y": 427.2928183078766,
            "width": 127.00390648841858,
            "height": 239.45346307754517,
            "genre": "mujer",
            "class": "pantalones"
        }
    ],
    "file_name": "42wvvmo65z66ufzhq7nalc7hp0qmqqv7nvsvjen8mlakpsuoiu5dy3cvsn6b3f9n.jpg"
}