{
    "arr_boxes": [
        {
            "x": 103.34152865409851,
            "y": 237.46398657560349,
            "width": 407.04483461380005,
            "height": 182.0868068933487,
            "genre": "hombre",
            "class": "gafas de sol"
        },
        {
            "x": 92.9313154220581,
            "y": 25.370569825172424,
            "width": 439.8818578720093,
            "height": 338.4416377544403,
            "genre": "hombre",
            "class": "sombreros"
        }
    ],
    "file_name": "44klg1yxrgfrxfpo1mfcjdv61ufhf5md0hrrodeufwh5030mjpd2ixikj89wzf62.jpg"
}