{
    "arr_boxes": [
        {
            "x": 277.80709505081177,
            "y": 730.7905369997025,
            "width": 392.32540369033813,
            "height": 610.8790358304977,
            "genre": "mujer",
            "class": "pantalones"
        },
        {
            "x": 182.2439682483673,
            "y": 68.34808260202408,
            "width": 558.4291255474091,
            "height": 1203.8416135311127,
            "genre": "mujer",
            "class": "abrigos"
        }
    ],
    "file_name": "44okvce0z7erlnkt9wfc5x7wp23uujpq3f3uw5hxnmaj7eczrzkwwfm58a7sjqbb.jpg"
}