{
    "arr_boxes": [
        {
            "x": 291.0527443885803,
            "y": 213.11627179384232,
            "width": 210.45262098312378,
            "height": 92.6077052950859,
            "genre": "hombre",
            "class": "gafas de sol"
        },
        {
            "x": 61.98018550872803,
            "y": 313.86928260326385,
            "width": 583.0235767364502,
            "height": 559.7831636667252,
            "genre": "hombre",
            "class": "camisas"
        }
    ],
    "file_name": "461xk1cbzhdextpicxmpov2vcx22th2rj62zndjq2c864ibfstateut0miy9jbig.jpg"
}