{
    "arr_boxes": [
        {
            "x": 330.1784062385559,
            "y": 399.04321879148483,
            "width": 150.74087619781494,
            "height": 88.37819695472717,
            "genre": "mujer",
            "class": "gafas de sol"
        },
        {
            "x": 593.127179145813,
            "y": 1271.0484266281128,
            "width": 177.42555141448975,
            "height": 78.38959693908691,
            "genre": "mujer",
            "class": "botas"
        },
        {
            "x": 471.40804052352905,
            "y": 838.5549366474152,
            "width": 128.3785915374756,
            "height": 162.34150528907776,
            "genre": "mujer",
            "class": "guantes y manopla"
        },
        {
            "x": 445.25843381881714,
            "y": 812.6854330301285,
            "width": 161.29199981689453,
            "height": 188.38891983032227,
            "genre": "mujer",
            "class": "bolso"
        },
        {
            "x": 280.9119987487793,
            "y": 887.7397030591965,
            "width": 413.94842863082886,
            "height": 451.69837474823,
            "genre": "mujer",
            "class": "pantalones"
        },
        {
            "x": 217.1006691455841,
            "y": 425.36023557186127,
            "width": 418.97258162498474,
            "height": 461.230731010437,
            "genre": "mujer",
            "class": "chaquetas"
        },
        {
            "x": 218.18158864974976,
            "y": 405.4505065083504,
            "width": 415.4473543167114,
            "height": 691.4713248610497,
            "genre": "mujer",
            "class": "abrigos"
        }
    ],
    "file_name": "46m3utyklqdhrxohb1m1bjsy9vpktzvjez8c2rqbxfu5p5imwyuokl3js2liesst.jpg"
}