{
    "arr_boxes": [
        {
            "x": 520.4873156547546,
            "y": 305.72862589359283,
            "width": 75.14970302581787,
            "height": 48.95884221792221,
            "genre": "mujer",
            "class": "gafas de sol"
        },
        {
            "x": 484.15135502815247,
            "y": 588.8052058815956,
            "width": 175.12759566307068,
            "height": 46.373422026634216,
            "genre": "mujer",
            "class": "cinturones"
        },
        {
            "x": 460.1174318790436,
            "y": 590.936681509018,
            "width": 214.6647298336029,
            "height": 211.43082869052887,
            "genre": "mujer",
            "class": "pantalones"
        },
        {
            "x": 464.0939784049988,
            "y": 380.86583003401756,
            "width": 219.9006700515747,
            "height": 240.92490509152412,
            "genre": "mujer",
            "class": "camisas"
        }
    ],
    "file_name": "489aidsar1wq7zq83r57u6g99c4cgg388b9v3c8nek6vzymrghv8sdh6o9fjlho9.jpg"
}