{
    "arr_boxes": [
        {
            "x": 407.44572401046753,
            "y": 745.0870227813721,
            "width": 101.11655473709106,
            "height": 94.95753765106201,
            "genre": "chico",
            "class": "zapatos"
        },
        {
            "x": 273.4030795097351,
            "y": 719.9132466316223,
            "width": 104.4526219367981,
            "height": 98.29283237457275,
            "genre": "chico",
            "class": "zapatos"
        },
        {
            "x": 525.8359730243683,
            "y": 808.7018537521362,
            "width": 100.49570918083191,
            "height": 130.76605796813965,
            "genre": "chico",
            "class": "zapatos"
        },
        {
            "x": 622.339653968811,
            "y": 750.6198835372925,
            "width": 102.26168632507324,
            "height": 133.45594882965088,
            "genre": "chico",
            "class": "zapatos"
        },
        {
            "x": 553.3512854576111,
            "y": 546.5451908111572,
            "width": 230.42630195617676,
            "height": 272.60491847991943,
            "genre": "chico",
            "class": "pantalones"
        },
        {
            "x": 279.0020191669464,
            "y": 462.68568992614746,
            "width": 228.9967703819275,
            "height": 303.95766735076904,
            "genre": "chico",
            "class": "pantalones"
        },
        {
            "x": 530.8897376060486,
            "y": 272.6135444641113,
            "width": 316.4913511276245,
            "height": 323.78159523010254,
            "genre": "bebe",
            "class": "camisas"
        }
    ],
    "file_name": "48g04sleq6r4tfx7zgmz0wp7o062kfvwn60e80hs9qcyf47a398lu7o70p0yn9x9.jpg"
}