{
    "arr_boxes": [
        {
            "x": 590.3557276725769,
            "y": 335.99644750356674,
            "width": 41.74577236175537,
            "height": 62.908610701560974,
            "genre": "mujer",
            "class": "pendientes"
        },
        {
            "x": 82.25909113883972,
            "y": 436.7385685443878,
            "width": 779.3477261066437,
            "height": 893.004047870636,
            "genre": "mujer",
            "class": "abrigos"
        }
    ],
    "file_name": "4a9d3jw1djmknmoliy9ss501hs57rxh262mcgx77rn7963ohj2t7gfmopi8rw82h.jpg"
}