{
    "arr_boxes": [
        {
            "x": 727.0078611373901,
            "y": 945.9470558166504,
            "width": 90.1453971862793,
            "height": 73.17216396331787,
            "genre": "hombre",
            "class": "zapatos"
        },
        {
            "x": 544.387857913971,
            "y": 887.9376983642578,
            "width": 88.62271785736084,
            "height": 75.01130104064941,
            "genre": "hombre",
            "class": "zapatos"
        },
        {
            "x": 680.4241347312927,
            "y": 541.0663390159607,
            "width": 160.56857585906982,
            "height": 204.15876388549805,
            "genre": "hombre",
            "class": "camisas"
        },
        {
            "x": 3.6592116951942444,
            "y": 504.6871519088745,
            "width": 177.72466868162155,
            "height": 276.454553604126,
            "class": "bolso"
        },
        {
            "x": 581.2090945243835,
            "y": 677.5225210189819,
            "width": 218.82924556732178,
            "height": 282.33489990234375,
            "genre": "hombre",
            "class": "pantalones"
        }
    ],
    "file_name": "4avduxik773tm39qkpwzq6bvlbfr3vkl4g7nfcj07gr7sj14tpe4hvt2yulhux7q.jpg"
}