{
    "arr_boxes": [
        {
            "x": 572.601842880249,
            "y": 893.7468481063843,
            "width": 82.89905548095703,
            "height": 102.05504894256592,
            "genre": "hombre",
            "class": "zapatos"
        },
        {
            "x": 471.3018250465393,
            "y": 919.0715146064758,
            "width": 86.45901203155518,
            "height": 103.54644298553467,
            "genre": "hombre",
            "class": "zapatos"
        },
        {
            "x": 502.1284532546997,
            "y": 615.6068801879883,
            "width": 173.1422996520996,
            "height": 322.0655393600464,
            "genre": "hombre",
            "class": "pantalones"
        },
        {
            "x": 461.26951575279236,
            "y": 360.32840967178345,
            "width": 270.7778513431549,
            "height": 313.9300775527954,
            "genre": "hombre",
            "class": "camisas"
        }
    ],
    "file_name": "4cipibnx991jypax9e672re288mwofyplh377lx0imc88yfra9q7jkify7ml9f17.jpg"
}