{
    "arr_boxes": [
        {
            "x": 231.89053058624268,
            "y": 281.3029360771179,
            "width": 74.56777095794678,
            "height": 43.480496406555176,
            "genre": "hombre",
            "class": "gafas de sol"
        },
        {
            "x": 465.0364315509796,
            "y": 928.8824129104614,
            "width": 100.06189942359924,
            "height": 95.90562343597412,
            "genre": "hombre",
            "class": "botas"
        },
        {
            "x": 387.24997758865356,
            "y": 913.8594889640808,
            "width": 90.58467864990234,
            "height": 110.60121059417725,
            "genre": "hombre",
            "class": "botas"
        },
        {
            "x": 612.6072263717651,
            "y": 896.9942092895508,
            "width": 96.70204639434814,
            "height": 104.27939414978027,
            "genre": "hombre",
            "class": "zapatos"
        },
        {
            "x": 221.13312363624573,
            "y": 395.27790427207947,
            "width": 77.03110098838806,
            "height": 145.1459276676178,
            "genre": "hombre",
            "class": "collares"
        },
        {
            "x": 13.150795698165894,
            "y": 731.4940166473389,
            "width": 252.37553715705872,
            "height": 244.32456493377686,
            "genre": "hombre",
            "class": "pantalones"
        },
        {
            "x": 457.65072226524353,
            "y": 703.1777429580688,
            "width": 268.46763253211975,
            "height": 230.55054187774658,
            "genre": "hombre",
            "class": "pantalones"
        },
        {
            "x": 37.35772132873535,
            "y": 359.25888419151306,
            "width": 285.0976288318634,
            "height": 410.49317479133606,
            "genre": "hombre",
            "class": "chaquetas"
        }
    ],
    "file_name": "4ckae424q83inaglbv83aoze9wrt74zcuti3e7yu94wa6ppu9hyekx8twkxhy98w.jpg"
}