{
    "arr_boxes": [
        {
            "x": 406.6423487663269,
            "y": 422.16979134082794,
            "width": 155.53261041641235,
            "height": 281.50493001937866,
            "genre": "mujer",
            "class": "camisas ocultas debajo de la chaqueta"
        },
        {
            "x": 191.58069491386414,
            "y": 327.0404241681099,
            "width": 681.0206472873688,
            "height": 409.51178592443466,
            "genre": "mujer",
            "class": "abrigos"
        }
    ],
    "file_name": "4cvjexn2fssyb60nnwzp4szs4vthi47xgwni958s3slh4q2f3oijndtfq69l0txb.jpg"
}