{
    "arr_boxes": [
        {
            "x": 932.5095748901367,
            "y": 947.5168079137802,
            "width": 69.14202690124512,
            "height": 110.88654398918152,
            "genre": "hombre",
            "class": "zapatos"
        },
        {
            "x": 37.079710364341736,
            "y": 907.9150915145874,
            "width": 69.50043976306915,
            "height": 111.85664534568787,
            "genre": "mujer",
            "class": "botas"
        },
        {
            "x": 866.5855550765991,
            "y": 938.8445556163788,
            "width": 69.85193252563477,
            "height": 116.29049777984619,
            "genre": "hombre",
            "class": "zapatos"
        },
        {
            "x": 380.51289081573486,
            "y": 960.131424665451,
            "width": 127.26171970367432,
            "height": 116.53431057929993,
            "genre": "hombre",
            "class": "botas"
        },
        {
            "x": 421.9281077384949,
            "y": 738.6900186538696,
            "width": 187.0379877090454,
            "height": 261.89582347869873,
            "genre": "hombre",
            "class": "pantalones"
        },
        {
            "x": 457.2991168498993,
            "y": 344.02034282684326,
            "width": 147.896329164505,
            "height": 404.153510928154,
            "genre": "hombre",
            "class": "camisas ocultas debajo de la chaqueta"
        },
        {
            "x": 879.026927947998,
            "y": 617.6359578967094,
            "width": 168.1463098526001,
            "height": 380.30190020799637,
            "genre": "hombre",
            "class": "pantalones"
        },
        {
            "x": 851.633312702179,
            "y": 364.8003548383713,
            "width": 234.97470617294312,
            "height": 335.2580487728119,
            "genre": "hombre",
            "class": "chaquetas"
        },
        {
            "x": 381.13550662994385,
            "y": 310.2238856256008,
            "width": 326.1212968826294,
            "height": 550.3003545105457,
            "genre": "hombre",
            "class": "abrigos"
        }
    ],
    "file_name": "4fcqdftdq509shde6s2vw7cugf4bwk8hhi5yc9pfrodhlbx3nxffmn6pozhtbmxs.jpg"
}