{
    "arr_boxes": [
        {
            "x": 295.9337639808655,
            "y": 1189.366552233696,
            "width": 186.15305185317993,
            "height": 168.57691705226898,
            "genre": "mujer",
            "class": "zapatos"
        },
        {
            "x": 365.9895980358124,
            "y": 212.80824020504951,
            "width": 410.01179337501526,
            "height": 305.5106543004513,
            "genre": "mujer",
            "class": "camisas"
        },
        {
            "x": 406.810587644577,
            "y": 458.19312930107117,
            "width": 466.91972851753235,
            "height": 351.5982538461685,
            "genre": "mujer",
            "class": "falda"
        }
    ],
    "file_name": "4fp0zrx7l9az98kq9il6bs3ihlpwr531chc7m6t14un3u45954jyavzs7pc0hkfi.jpg"
}