{
    "arr_boxes": [
        {
            "x": 784.5680236816406,
            "y": 715.6972646713257,
            "width": 78.7840747833252,
            "height": 126.35354518890381,
            "genre": "mujer",
            "class": "pendientes"
        },
        {
            "x": 576.6391897201538,
            "y": 468.80743503570557,
            "width": 285.1855945587158,
            "height": 195.61363220214844,
            "genre": "mujer",
            "class": "gafas de sol"
        }
    ],
    "file_name": "4ftksqgz1715n0r1uh7rk93vbe8f16afbem3aqo548l8ya9qu1lur5v2lper9ov6.jpg"
}