{
    "arr_boxes": [
        {
            "x": 828.1188154220581,
            "y": 386.82624220848083,
            "width": 78.55001449584961,
            "height": 48.57999801635742,
            "genre": "hombre",
            "class": "gafas de sol"
        },
        {
            "x": 90.92080235481262,
            "y": 764.8046708106995,
            "width": 125.01320242881775,
            "height": 90.17346382141113,
            "genre": "mujer",
            "class": "zapatos"
        },
        {
            "x": 268.7745952606201,
            "y": 739.1005897521973,
            "width": 141.03645086288452,
            "height": 84.95306968688965,
            "genre": "mujer",
            "class": "zapatos"
        },
        {
            "x": 118.15927863121033,
            "y": 278.2473421096802,
            "width": 116.4496922492981,
            "height": 138.90589714050293,
            "genre": "mujer",
            "class": "bolso"
        },
        {
            "x": 781.5130090713501,
            "y": 450.6710457801819,
            "width": 192.05419063568115,
            "height": 336.35737895965576,
            "genre": "hombre",
            "class": "camisas"
        },
        {
            "x": 187.45502829551697,
            "y": 60.33195197582245,
            "width": 244.96314525604248,
            "height": 272.2767287492752,
            "genre": "mujer",
            "class": "chaquetas"
        },
        {
            "x": 790.0651574134827,
            "y": 754.7284269332886,
            "width": 226.0788059234619,
            "height": 333.80885124206543,
            "genre": "hombre",
            "class": "pantalones"
        },
        {
            "x": 103.76425713300705,
            "y": 271.4863085746765,
            "width": 268.10942083597183,
            "height": 439.64420557022095,
            "genre": "mujer",
            "class": "pantalones"
        }
    ],
    "file_name": "4jla7z8omssiqv1z29ydf4oiapkp44sx71mzv78muz4fie2tfy1exg5gxrcg6yrr.jpg"
}