{
    "arr_boxes": [
        {
            "x": 573.7349367141724,
            "y": 521.1571007966995,
            "width": 79.24485683441162,
            "height": 46.43354415893555,
            "genre": "mujer",
            "class": "gafas de sol"
        },
        {
            "x": 644.2488169670105,
            "y": 1100.588196516037,
            "width": 72.73017883300781,
            "height": 100.9317398071289,
            "genre": "mujer",
            "class": "zapatos"
        },
        {
            "x": 479.071261882782,
            "y": 1106.6554337739944,
            "width": 75.4106068611145,
            "height": 97.45495319366455,
            "genre": "mujer",
            "class": "zapatos"
        },
        {
            "x": 528.8558077812195,
            "y": 947.0112383365631,
            "width": 163.85185718536377,
            "height": 131.54287934303284,
            "genre": "mujer",
            "class": "bolso"
        }
    ],
    "file_name": "4jlnehw8lblj7qv3rj5w30vjfcso26nkkkx8gin3o245i0n8vjp1t9c5aumjw0w5.jpg"
}