{
    "arr_boxes": [
        {
            "x": 784.7254371643066,
            "y": 768.6336278915405,
            "width": 79.79129791259766,
            "height": 93.56331825256348,
            "genre": "mujer",
            "class": "zapatos"
        },
        {
            "x": 476.8509578704834,
            "y": 382.9985976219177,
            "width": 116.8143367767334,
            "height": 68.63887310028076,
            "genre": "mujer",
            "class": "sombreros"
        },
        {
            "x": 434.76691246032715,
            "y": 975.0760316848755,
            "width": 74.09045219421387,
            "height": 121.07534408569336,
            "genre": "mujer",
            "class": "botas"
        },
        {
            "x": 357.63264656066895,
            "y": 375.0085115432739,
            "width": 123.60686302185059,
            "height": 85.89727878570557,
            "genre": "mujer",
            "class": "sombreros"
        },
        {
            "x": 546.1786651611328,
            "y": 1028.4271001815796,
            "width": 113.99620056152344,
            "height": 103.70035171508789,
            "genre": "mujer",
            "class": "zapatos"
        },
        {
            "x": 268.96305084228516,
            "y": 1045.1444864273071,
            "width": 138.86838912963867,
            "height": 99.79104995727539,
            "genre": "mujer",
            "class": "botas"
        },
        {
            "x": 447.35904693603516,
            "y": 638.941240310669,
            "width": 100.54996490478516,
            "height": 138.13905715942383,
            "genre": "mujer",
            "class": "bolso"
        },
        {
            "x": 167.5876522064209,
            "y": 926.2596845626831,
            "width": 84.88197326660156,
            "height": 164.29424285888672,
            "genre": "mujer",
            "class": "zapatos"
        },
        {
            "x": 281.1599636077881,
            "y": 783.8454008102417,
            "width": 223.95472526550293,
            "height": 244.8009967803955,
            "genre": "mujer",
            "class": "pantalones"
        },
        {
            "x": 565.6214904785156,
            "y": 780.3088903427124,
            "width": 255.30189514160156,
            "height": 223.2755184173584,
            "genre": "mujer",
            "class": "pantalones"
        },
        {
            "x": 200.42449951171875,
            "y": 510.2622985839844,
            "width": 236.59189224243164,
            "height": 353.94201278686523,
            "genre": "mujer",
            "class": "abrigos"
        }
    ],
    "file_name": "4jp49bxx7x8har76dczjy874s1wdas8s73xbt804q0qaqu2vuexpgjd6fw2r1ci4.jpg"
}