{
    "arr_boxes": [
        {
            "x": 553.8206934928894,
            "y": 740.2620077133179,
            "width": 78.86054992675781,
            "height": 49.79445934295654,
            "genre": "hombre",
            "class": "gafas de sol"
        },
        {
            "x": 508.19451570510864,
            "y": 799.6144437789917,
            "width": 192.3790168762207,
            "height": 277.00777530670166,
            "genre": "hombre",
            "class": "camisas"
        }
    ],
    "file_name": "4ju85yta51oquhzoiwp9aqj0j5rz6gx3bcyuwk5fcfkfgxcztrboup2uccyybggg.jpg"
}