{
    "arr_boxes": [
        {
            "x": 460.49935698509216,
            "y": 863.5988402366638,
            "width": 260.9883248806,
            "height": 212.10213661193848,
            "genre": "hombre",
            "class": "pantalones"
        },
        {
            "x": 430.1164519786835,
            "y": 416.96527004241943,
            "width": 327.8098976612091,
            "height": 460.44705390930176,
            "genre": "hombre",
            "class": "camisas"
        }
    ],
    "file_name": "4m8jiu2y951qk05r4492ovk74u7rqh5nv17799f2s6sf2ajdepqi0suwbayrfkzv.jpg"
}