{
    "arr_boxes": [
        {
            "x": 162.7246856689453,
            "y": 612.6290273666382,
            "width": 99.05659675598145,
            "height": 73.29400062561035,
            "genre": "mujer",
            "class": "botas"
        },
        {
            "x": 279.02556896209717,
            "y": 601.6569471359253,
            "width": 93.72153282165527,
            "height": 79.19391632080078,
            "genre": "mujer",
            "class": "botas"
        },
        {
            "x": 199.46090698242188,
            "y": 340.5659580230713,
            "width": 169.8494052886963,
            "height": 281.3375473022461,
            "genre": "mujer",
            "class": "pantalones"
        },
        {
            "x": 211.385235786438,
            "y": 96.62049651145935,
            "width": 170.6249713897705,
            "height": 301.3364088535309,
            "genre": "mujer",
            "class": "abrigos"
        }
    ],
    "file_name": "4n53fcbeh08m43d3q57e4c2jye9o96n04bl3wxcyi7uc4fstt7tp829j7if24q3n.jpg"
}