{
    "arr_boxes": [
        {
            "x": 229.28428173065186,
            "y": 504.25920009613037,
            "width": 120.5361557006836,
            "height": 184.14081573486328,
            "genre": "hombre",
            "class": "pantalones"
        },
        {
            "x": 210.78723192214966,
            "y": 389.0143346786499,
            "width": 149.75041151046753,
            "height": 173.22014808654785,
            "genre": "hombre",
            "class": "camisas"
        }
    ],
    "file_name": "4njhd73hdwt06s54bphj2epep8a25tupms9qjvbt5g237bpbgej5ciydoziefzfo.jpg"
}