{
    "arr_boxes": [
        {
            "x": 154.06946003437042,
            "y": 205.59123149514198,
            "width": 71.92487239837646,
            "height": 78.62941604852676,
            "genre": "hombre",
            "class": "sombreros"
        },
        {
            "x": 0.0,
            "y": 493.8597324490547,
            "width": 83.49389433860779,
            "height": 89.10391521453857,
            "genre": "hombre",
            "class": "pantalones cortos"
        },
        {
            "x": 107.6568853855133,
            "y": 501.7210968732834,
            "width": 167.9361641407013,
            "height": 171.66979360580444,
            "genre": "hombre",
            "class": "pantalones cortos"
        },
        {
            "x": 576.196174621582,
            "y": 408.50611209869385,
            "width": 146.35231018066406,
            "height": 223.06482422351837,
            "genre": "mujer",
            "class": "camisas"
        },
        {
            "x": 400.02918004989624,
            "y": 410.954609811306,
            "width": 176.98813676834106,
            "height": 223.90945386886597,
            "genre": "mujer",
            "class": "camisas"
        },
        {
            "x": 107.59079843759537,
            "y": 293.10144221782684,
            "width": 218.9736744761467,
            "height": 242.5754510164261,
            "genre": "hombre",
            "class": "camisas"
        }
    ],
    "file_name": "4okftzhpoum8mxfljnh2f3kqsm90oa4jo1cfnx1sezfu2whzxy5yvhsjukrdl46v.jpg"
}