{
    "arr_boxes": [
        {
            "x": 692.7992677688599,
            "y": 580.3503799438477,
            "width": 57.6522159576416,
            "height": 106.71192169189453,
            "genre": "hombre",
            "class": "pantalones"
        },
        {
            "x": 584.3551969528198,
            "y": 601.4700508117676,
            "width": 64.6342420578003,
            "height": 96.3552474975586,
            "genre": "hombre",
            "class": "pantalones"
        }
    ],
    "file_name": "4ovtn97otq5caii1jlqivq9rfs6nqd0n9iey9xglj4yxors69lphbibhjrnv8r6b.jpg"
}