{
    "arr_boxes": [
        {
            "x": 229.30315375328064,
            "y": 387.3153310716152,
            "width": 112.7600884437561,
            "height": 94.84705972671509,
            "genre": "mujer",
            "class": "relojes"
        },
        {
            "x": 660.5826330184937,
            "y": 1033.3580049276352,
            "width": 250.55664539337158,
            "height": 309.4011512994766,
            "genre": "mujer",
            "class": "zapatos"
        }
    ],
    "file_name": "4pnpy9w92clu66hknizrjaq7llivi5vt72sca3wwd08lkiqfip6o8gxmkbzghd6d.jpg"
}