{
    "arr_boxes": [
        {
            "x": 287.72491693496704,
            "y": 421.4646863937378,
            "width": 237.30372190475464,
            "height": 171.64028406143188,
            "genre": "hombre",
            "class": "sombreros"
        },
        {
            "x": 56.02008640766144,
            "y": 694.9727582931519,
            "width": 510.8174103498459,
            "height": 388.7389898300171,
            "genre": "hombre",
            "class": "camisas"
        }
    ],
    "file_name": "4putelyszpmzoybuqg35bwpmxf3w0iurkvclije8u3w4429kraob8oko2c8kb52z.jpg"
}