{
    "arr_boxes": [
        {
            "x": 806.9279909133911,
            "y": 427.1276369690895,
            "width": 283.05317401885986,
            "height": 255.54586797952652,
            "genre": "mujer",
            "class": "sombreros"
        },
        {
            "x": 574.6429824829102,
            "y": 637.2762054204941,
            "width": 487.44213581085205,
            "height": 707.5350880622864,
            "genre": "mujer",
            "class": "camisas"
        }
    ],
    "file_name": "4qgbuhf49d6gujefqtluo4c0sckgfnzq6ka8xlmz3smzrggmuzqxi92e00lq2dz0.jpg"
}