{
    "arr_boxes": [
        {
            "x": 31.10680800676346,
            "y": 146.32840502262115,
            "width": 63.64314430952072,
            "height": 33.41046094894409,
            "genre": "mujer",
            "class": "gafas de sol"
        },
        {
            "x": 587.4536790847778,
            "y": 599.058744430542,
            "width": 45.95136547088623,
            "height": 60.02822303771973,
            "genre": "mujer",
            "class": "zapatos"
        },
        {
            "x": 482.78262519836426,
            "y": 590.9340357780457,
            "width": 53.75154399871826,
            "height": 63.77600574493408,
            "genre": "mujer",
            "class": "zapatos"
        },
        {
            "x": 110.27942824363708,
            "y": 376.48623037338257,
            "width": 75.79422974586487,
            "height": 112.3578052520752,
            "genre": "mujer",
            "class": "bolso"
        },
        {
            "x": 0.0,
            "y": 203.1182153224945,
            "width": 169.55522000789642,
            "height": 200.24838662147522,
            "genre": "mujer",
            "class": "chaquetas"
        },
        {
            "x": 0.1577848196029663,
            "y": 357.569712638855,
            "width": 122.91762888431549,
            "height": 276.7734708786011,
            "genre": "mujer",
            "class": "pantalones"
        },
        {
            "x": 495.7298107147217,
            "y": 348.83376002311707,
            "width": 136.20840454101562,
            "height": 267.96579098701477,
            "genre": "mujer",
            "class": "pantalones"
        },
        {
            "x": 195.36043095588684,
            "y": 301.57260155677795,
            "width": 207.63022112846375,
            "height": 214.52732157707214,
            "genre": "hombre",
            "class": "pantalones"
        }
    ],
    "file_name": "4sdk0whidxsy6v4mr2s2qpwc2cpr60jm866s4d1gnu9z7ytx2thde5cdguucorx1.jpg"
}