{
    "arr_boxes": [
        {
            "x": 605.6814622879028,
            "y": 238.2922661304474,
            "width": 100.6098747253418,
            "height": 61.051915884017944,
            "genre": "mujer",
            "class": "gafas de sol"
        },
        {
            "x": 809.0181827545166,
            "y": 826.434109210968,
            "width": 96.20547294616699,
            "height": 154.0614938735962,
            "class": "botas"
        },
        {
            "x": 609.8326849937439,
            "y": 843.1094241142273,
            "width": 163.1911325454712,
            "height": 228.18946838378906,
            "genre": "mujer",
            "class": "botas"
        },
        {
            "x": 580.1287865638733,
            "y": 602.5130224227905,
            "width": 212.54579544067383,
            "height": 187.53353118896484,
            "genre": "mujer",
            "class": "bolso"
        },
        {
            "x": 524.9526786804199,
            "y": 348.72127890586853,
            "width": 196.2092113494873,
            "height": 337.93564438819885,
            "genre": "mujer",
            "class": "camisas"
        }
    ],
    "file_name": "4sgd2fdhe1gx2gqm2s22xt2673xwbf8bdbidw9ij8nnhps9h3g895apayqipao74.jpg"
}