{
    "arr_boxes": [
        {
            "x": 476.9068908691406,
            "y": 839.8385969400406,
            "width": 114.09689331054688,
            "height": 95.67397713661194,
            "genre": "mujer",
            "class": "botas"
        },
        {
            "x": 218.25445556640625,
            "y": 851.0671116113663,
            "width": 156.1923828125,
            "height": 89.15195035934448,
            "genre": "mujer",
            "class": "botas"
        },
        {
            "x": 296.6131286621094,
            "y": 275.0102508664131,
            "width": 289.0504455566406,
            "height": 466.4723007082939,
            "genre": "mujer",
            "class": "abrigos"
        }
    ],
    "file_name": "4v0i38nrg405od5ime3fgithotzqcyznzv57vn56z9wh6y95fn44226troz4jl4i.jpg"
}