{
    "arr_boxes": [
        {
            "x": 968.3651518821716,
            "y": 235.5920433998108,
            "width": 118.52366209030151,
            "height": 601.9185376167297,
            "genre": "hombre",
            "class": "pantalones"
        },
        {
            "x": 222.03111112117767,
            "y": 143.9825302362442,
            "width": 296.23424112796783,
            "height": 433.1807202100754,
            "genre": "hombre",
            "class": "pantalones"
        }
    ],
    "file_name": "4v57kiiiwhntpfzsflays17ujg1wrcvh1df6d35xy5k57g4fa4nbykb58yhc8xg7.jpg"
}