{
    "arr_boxes": [
        {
            "x": 249.50099229812622,
            "y": 626.0999504327774,
            "width": 68.33169937133789,
            "height": 52.04530048370361,
            "genre": "mujer",
            "class": "gafas de sol"
        },
        {
            "x": 572.5536274909973,
            "y": 980.5969129800797,
            "width": 211.0233736038208,
            "height": 82.52590012550354,
            "genre": "mujer",
            "class": "zapatos"
        },
        {
            "x": 162.63108730316162,
            "y": 698.0986735224724,
            "width": 213.99125933647156,
            "height": 292.88198232650757,
            "genre": "mujer",
            "class": "camisas"
        },
        {
            "x": 206.83550655841827,
            "y": 860.175989985466,
            "width": 471.17161452770233,
            "height": 205.16792249679565,
            "genre": "mujer",
            "class": "pantalones"
        }
    ],
    "file_name": "4wk12e9umky620e3b12imeudb6wib3swpklvclleot951t2yi858j24fyz7iksbw.jpg"
}