{
    "arr_boxes": [
        {
            "x": 613.3126902580261,
            "y": 184.729523062706,
            "width": 56.735286712646484,
            "height": 30.58554321527481,
            "genre": "mujer",
            "class": "gafas de sol"
        },
        {
            "x": 628.0065393447876,
            "y": 655.1481181383133,
            "width": 42.414350509643555,
            "height": 77.76923418045044,
            "genre": "mujer",
            "class": "zapatos"
        },
        {
            "x": 583.5817551612854,
            "y": 388.3556967973709,
            "width": 115.6609296798706,
            "height": 259.9804365634918,
            "genre": "mujer",
            "class": "pantalones"
        },
        {
            "x": 543.5221695899963,
            "y": 240.00574707984924,
            "width": 166.94974422454834,
            "height": 206.45710587501526,
            "genre": "mujer",
            "class": "camisas"
        }
    ],
    "file_name": "4yc04oak1xjgyy80r6i2lxu45ti1da6yzgc3y6yjm96dasd57pt2y19akn68z6kf.jpg"
}