{
    "arr_boxes": [
        {
            "x": 497.1544728279114,
            "y": 588.8651848733425,
            "width": 65.9814600944519,
            "height": 60.59059950709343,
            "genre": "hombre",
            "class": "sombreros"
        },
        {
            "x": 432.93250957131386,
            "y": 687.4701770544052,
            "width": 185.8459710776806,
            "height": 170.50136506557465,
            "genre": "hombre",
            "class": "chaquetas"
        }
    ],
    "file_name": "4yloxm7eevphi8scbirbpjt4h5rzyh4zlzcwjj0hq3slwi2gm0feqheh800revh4.jpg"
}