{
    "arr_boxes": [
        {
            "x": 513.8432157039642,
            "y": 1077.9105484485626,
            "width": 73.22787880897522,
            "height": 88.30980062484741,
            "genre": "mujer",
            "class": "zapatos"
        },
        {
            "x": 461.06361865997314,
            "y": 697.0937043428421,
            "width": 163.56192111968994,
            "height": 146.22893929481506,
            "genre": "mujer",
            "class": "bolso"
        }
    ],
    "file_name": "4ynkqor645qe2yn0nxocwrrnt36ry451niu9qesq8ykydmhbv0jimyif1aolcr1n.jpg"
}