{
    "arr_boxes": [
        {
            "x": 152.86530375480652,
            "y": 192.05960407853127,
            "width": 51.75630211830139,
            "height": 30.00278902053833,
            "genre": "hombre",
            "class": "gafas de sol"
        },
        {
            "x": 104.91488456726074,
            "y": 626.4286025762558,
            "width": 52.50773906707764,
            "height": 60.1214599609375,
            "genre": "hombre",
            "class": "botas"
        },
        {
            "x": 309.4089460372925,
            "y": 621.595675110817,
            "width": 69.54242706298828,
            "height": 63.413209319114685,
            "genre": "hombre",
            "class": "zapatos"
        },
        {
            "x": 256.42937421798706,
            "y": 614.6292603611946,
            "width": 61.12200736999512,
            "height": 73.94449305534363,
            "genre": "hombre",
            "class": "botas"
        },
        {
            "x": 409.12296295166016,
            "y": 602.7385068535805,
            "width": 63.02023887634277,
            "height": 71.8164484500885,
            "genre": "hombre",
            "class": "zapatos"
        },
        {
            "x": 143.62565159797668,
            "y": 269.1490227282047,
            "width": 56.747764348983765,
            "height": 89.54728215932846,
            "genre": "hombre",
            "class": "collares"
        },
        {
            "x": 197.5193953514099,
            "y": 436.49110758304596,
            "width": 101.49972438812256,
            "height": 204.9210615158081,
            "genre": "hombre",
            "class": "pantalones"
        },
        {
            "x": 314.64290142059326,
            "y": 467.84170961380005,
            "width": 166.2333583831787,
            "height": 151.48998248577118,
            "genre": "hombre",
            "class": "pantalones"
        },
        {
            "x": 10.792270302772522,
            "y": 489.4904578924179,
            "width": 164.50568854808807,
            "height": 159.20478701591492,
            "genre": "hombre",
            "class": "pantalones"
        },
        {
            "x": 25.250991582870483,
            "y": 238.90716296434402,
            "width": 186.3528549671173,
            "height": 274.33698856830597,
            "genre": "hombre",
            "class": "chaquetas"
        }
    ],
    "file_name": "530u24ex52ku0jio5dme5y6p7ce3vb8h7ex8v9p3w8ibt6z7jrevq3klvbktjgr7.jpg"
}