{
    "arr_boxes": [
        {
            "x": 539.0268087387085,
            "y": 765.7947602272034,
            "width": 48.40503215789795,
            "height": 62.92621111869812,
            "genre": "mujer",
            "class": "relojes"
        },
        {
            "x": 639.7200465202332,
            "y": 605.5625339746475,
            "width": 92.89991855621338,
            "height": 86.09441012144089,
            "genre": "mujer",
            "class": "collares"
        },
        {
            "x": 603.6895036697388,
            "y": 881.0344198942184,
            "width": 148.0830430984497,
            "height": 60.64473593235016,
            "genre": "mujer",
            "class": "cinturones"
        },
        {
            "x": 306.3110160827637,
            "y": 817.2465986013412,
            "width": 258.6625599861145,
            "height": 235.65053844451904,
            "genre": "mujer",
            "class": "bolso"
        },
        {
            "x": 366.69766902923584,
            "y": 581.0855600237846,
            "width": 516.8300914764404,
            "height": 593.179341673851,
            "genre": "mujer",
            "class": "chaquetas"
        }
    ],
    "file_name": "534p6ekvb3em5gadg50li6eamlmdp54wztmuozqu2ziuihp9wpvpwvxebcijey19.jpg"
}