{
    "arr_boxes": [
        {
            "x": 339.9323501586914,
            "y": 467.6979675292969,
            "width": 82.28034210205078,
            "height": 69.60910034179688,
            "genre": "hombre",
            "class": "pantalones cortos"
        },
        {
            "x": 323.83424377441406,
            "y": 356.2244567871094,
            "width": 115.11611938476562,
            "height": 106.31982421875,
            "genre": "hombre",
            "class": "camisas"
        }
    ],
    "file_name": "54navw3yibvt44w7igqat3cm101c8n1o0wvt1jdl2otwirfvuvtcx7mwb08jgmpv.jpg"
}