{
    "arr_boxes": [
        {
            "x": 427.0309567451477,
            "y": 460.35745906829834,
            "width": 68.76422166824341,
            "height": 139.20580863952637,
            "genre": "mujer",
            "class": "pantalones"
        },
        {
            "x": 417.6903033256531,
            "y": 326.3991849720478,
            "width": 126.36210680007935,
            "height": 188.4973940551281,
            "genre": "mujer",
            "class": "abrigos"
        }
    ],
    "file_name": "54xq68px40aql11x8842ubm8dc4i0kqsyln3ngpayprzysxv7tpx1qh3stcqfhvu.jpg"
}