{
    "arr_boxes": [
        {
            "x": 718.3227181434631,
            "y": 1113.8014788627625,
            "width": 71.37937545776367,
            "height": 98.69745635986328,
            "genre": "chico",
            "class": "zapatos"
        },
        {
            "x": 632.2986745834351,
            "y": 406.6482797861099,
            "width": 104.32664394378662,
            "height": 90.53956365585327,
            "genre": "chico",
            "class": "sombreros"
        },
        {
            "x": 600.9201765060425,
            "y": 1111.4270541667938,
            "width": 106.97932720184326,
            "height": 95.28979921340942,
            "genre": "chico",
            "class": "zapatos"
        },
        {
            "x": 606.7810821533203,
            "y": 777.7123019695282,
            "width": 165.79424858093262,
            "height": 198.45378923416138,
            "genre": "chico",
            "class": "falda"
        },
        {
            "x": 596.2345933914185,
            "y": 528.4249701499939,
            "width": 190.24724006652832,
            "height": 266.8165512084961,
            "genre": "chico",
            "class": "camisas"
        }
    ],
    "file_name": "56f3eo2a5aejaz276twnnt1behs9httiiggpeshd0nzn8pf4lbexhshlihyt5bgj.jpg"
}