{
    "arr_boxes": [
        {
            "x": 613.048825263977,
            "y": 649.813928604126,
            "width": 140.91214656829834,
            "height": 106.84401512145996,
            "genre": "hombre",
            "class": "pulseras"
        },
        {
            "x": 0.0,
            "y": 406.9120395183563,
            "width": 1131.9479942321777,
            "height": 640.8500826358795,
            "genre": "hombre",
            "class": "camisas"
        }
    ],
    "file_name": "57r6mybnvgcpcpnnivg5peqkovtrbyhfck6ultl5uhi4eu85awnb89g8icrliuh8.jpg"
}