{
    "arr_boxes": [
        {
            "x": 588.7294721603394,
            "y": 1261.1081063747406,
            "width": 95.19043922424316,
            "height": 84.6822202205658,
            "genre": "mujer",
            "class": "botas"
        },
        {
            "x": 570.1690578460693,
            "y": 892.3636168241501,
            "width": 223.75712871551514,
            "height": 179.78337407112122,
            "genre": "mujer",
            "class": "chaquetas"
        }
    ],
    "file_name": "582gz9tuvi5k8aiixao27v85nsk2zfxquilugtym9fscv3xytcmftx750s1ecwdz.jpg"
}