{
    "arr_boxes": [
        {
            "x": 252.65504479408264,
            "y": 1089.1748650074005,
            "width": 96.14097118377686,
            "height": 63.3590053319931,
            "genre": "mujer",
            "class": "zapatos"
        },
        {
            "x": 56.35844707489014,
            "y": 861.3953242301941,
            "width": 77.88938641548157,
            "height": 111.50458705425262,
            "genre": "mujer",
            "class": "zapatos"
        },
        {
            "x": 301.4478921890259,
            "y": 594.276500582695,
            "width": 108.27386856079102,
            "height": 207.599879860878,
            "genre": "mujer",
            "class": "camisas"
        },
        {
            "x": 219.8373430967331,
            "y": 736.9951965212822,
            "width": 161.13716661930084,
            "height": 228.4853504896164,
            "genre": "mujer",
            "class": "falda"
        },
        {
            "x": 237.18337655067444,
            "y": 652.370477437973,
            "width": 151.24079704284668,
            "height": 291.11522817611694,
            "genre": "mujer",
            "class": "vestidos"
        }
    ],
    "file_name": "58gbd9wchz2k5pb9st93q2m13dqlndh925q1tac64jnnit6kz2xcff5j3nl7xo6w.jpg"
}