{
    "arr_boxes": [
        {
            "x": 421.80959701538086,
            "y": 770.4811155796051,
            "width": 247.1003293991089,
            "height": 218.6827003955841,
            "genre": "mujer",
            "class": "collares"
        },
        {
            "x": 0.0,
            "y": 800.8968830108643,
            "width": 953.2456684112549,
            "height": 566.1775767803192,
            "genre": "mujer",
            "class": "camisas"
        }
    ],
    "file_name": "58pzfmpoogkpx5s6uk4l7mgzoxaayrtespfsa08nlefkf1bkkibjg4y83jpdwxts.jpg"
}