{
    "arr_boxes": [
        {
            "x": 159.12071406841278,
            "y": 862.0707535743713,
            "width": 455.44319450855255,
            "height": 222.48878717422485,
            "genre": "hombre",
            "class": "pantalones"
        },
        {
            "x": 1.8036353588104248,
            "y": 237.0650589466095,
            "width": 615.5628168582916,
            "height": 709.1096198558807,
            "genre": "hombre",
            "class": "chaquetas"
        }
    ],
    "file_name": "5930zyi4nd4lwq4hmn5kuqw4t6iayelmcjsgxs8z2qon5bjakler590x1c7jhg37.jpg"
}