{
    "arr_boxes": [
        {
            "x": 566.8720006942749,
            "y": 932.1918103694916,
            "width": 209.5645523071289,
            "height": 234.0417230129242,
            "genre": "mujer",
            "class": "pantalones cortos"
        },
        {
            "x": 495.981924533844,
            "y": 693.9718905687332,
            "width": 239.18785572052002,
            "height": 274.98375391960144,
            "genre": "mujer",
            "class": "camisas"
        }
    ],
    "file_name": "598qwv7w8b34fvok4xnzlyp87hbri3larpu7nt6x0x7tq85sp4iotwep8dh2rpzv.jpg"
}