{
    "arr_boxes": [
        {
            "x": 431.1657643318176,
            "y": 494.5097221136093,
            "width": 156.15567684173584,
            "height": 214.10410368442535,
            "genre": "hombre",
            "class": "pantalones cortos"
        },
        {
            "x": 404.3612265586853,
            "y": 322.03032690286636,
            "width": 174.56429958343506,
            "height": 210.81569707393646,
            "genre": "hombre",
            "class": "camisas"
        }
    ],
    "file_name": "5a3ne0z6a36e9zu19aphnca2uclh5k9zqkd0li0d9f7yvjktg9e43m14rs8h5z80.jpg"
}