{
    "arr_boxes": [
        {
            "x": 450.2703881263733,
            "y": 362.7667307853699,
            "width": 144.29829597473145,
            "height": 86.61365211009979,
            "genre": "hombre",
            "class": "corbatas"
        },
        {
            "x": 307.7662968635559,
            "y": 337.61140555143356,
            "width": 438.0662941932678,
            "height": 695.4338863492012,
            "genre": "hombre",
            "class": "chaquetas"
        }
    ],
    "file_name": "5be5zlzwqr7i7pf8zkul6moi16labv3vpxck68tv1iunwppeufk8sxre36ps897h.jpg"
}