{
    "arr_boxes": [
        {
            "x": 323.176167011261,
            "y": 515.9650197029114,
            "width": 61.30441904067993,
            "height": 40.64023470878601,
            "genre": "hombre",
            "class": "gafas de sol"
        },
        {
            "x": 358.20287704467773,
            "y": 938.4076862335205,
            "width": 59.165496826171875,
            "height": 75.4426817893982,
            "genre": "hombre",
            "class": "zapatos"
        },
        {
            "x": 159.70348298549652,
            "y": 909.125688791275,
            "width": 91.65864586830139,
            "height": 69.41005325317383,
            "genre": "hombre",
            "class": "zapatos"
        },
        {
            "x": 271.74219131469727,
            "y": 560.9732694625854,
            "width": 150.4468846321106,
            "height": 173.6850848197937,
            "genre": "hombre",
            "class": "camisas"
        },
        {
            "x": 223.30930173397064,
            "y": 682.6359601020813,
            "width": 192.71625101566315,
            "height": 278.9839611053467,
            "genre": "hombre",
            "class": "pantalones"
        }
    ],
    "file_name": "5beq365nf885n4utr9g2qxzm3qzoi1cf6jinmw3r1cf0epjj1b7q0wmy6qpk2syv.jpg"
}