{
    "arr_boxes": [
        {
            "x": 568.6919116973877,
            "y": 617.5045849084854,
            "width": 78.47733950614929,
            "height": 59.43774747848511,
            "genre": "hombre",
            "class": "zapatos"
        },
        {
            "x": 643.8011004924774,
            "y": 132.35185772180557,
            "width": 82.31568789482117,
            "height": 58.87258297204971,
            "genre": "hombre",
            "class": "sombreros"
        },
        {
            "x": 651.7319494485855,
            "y": 628.5658560991287,
            "width": 66.94024229049683,
            "height": 74.43221855163574,
            "genre": "hombre",
            "class": "zapatos"
        },
        {
            "x": 534.601242184639,
            "y": 384.3064205646515,
            "width": 175.30927348136902,
            "height": 190.15740752220154,
            "genre": "hombre",
            "class": "pantalones cortos"
        },
        {
            "x": 555.2880485057831,
            "y": 189.4906905591488,
            "width": 167.4580979347229,
            "height": 201.289252191782,
            "genre": "hombre",
            "class": "camisas"
        }
    ],
    "file_name": "5d1rltcv30l18jmec389gndzk4dncpak427m4clg00a0wg5wgl3v64r1ua4q8tnv.jpg"
}