{
    "arr_boxes": [
        {
            "x": 62.0557527244091,
            "y": 1039.9330115318298,
            "width": 111.23145058751106,
            "height": 39.84239101409912,
            "genre": "hombre",
            "class": "zapatos"
        },
        {
            "x": 688.2577514648438,
            "y": 942.9859614372253,
            "width": 56.297550201416016,
            "height": 85.87411880493164,
            "genre": "mujer",
            "class": "zapatos"
        },
        {
            "x": 771.2091422080994,
            "y": 933.069748878479,
            "width": 66.90596580505371,
            "height": 95.45887470245361,
            "genre": "mujer",
            "class": "zapatos"
        },
        {
            "x": 129.56727147102356,
            "y": 995.4199075698853,
            "width": 111.88445448875427,
            "height": 78.3374547958374,
            "genre": "hombre",
            "class": "zapatos"
        },
        {
            "x": 635.6848239898682,
            "y": 519.8072147369385,
            "width": 105.24807929992676,
            "height": 181.3784408569336,
            "genre": "mujer",
            "class": "camisas ocultas debajo de la chaqueta"
        },
        {
            "x": 597.6643824577332,
            "y": 507.93927669525146,
            "width": 203.54760646820068,
            "height": 210.2731704711914,
            "genre": "mujer",
            "class": "chaquetas"
        },
        {
            "x": 645.7541155815125,
            "y": 670.4059553146362,
            "width": 161.75381183624268,
            "height": 290.0606918334961,
            "genre": "mujer",
            "class": "pantalones"
        },
        {
            "x": 6.862686574459076,
            "y": 544.2501640319824,
            "width": 266.87899500131607,
            "height": 217.98093795776367,
            "genre": "hombre",
            "class": "camisas"
        },
        {
            "x": 44.79020565748215,
            "y": 755.2377462387085,
            "width": 204.6198919415474,
            "height": 291.1743450164795,
            "genre": "hombre",
            "class": "pantalones"
        }
    ],
    "file_name": "5f26rkkp3aphrol5d8o47yz11tral0ddtbnoe87jrrctitz8c4jlbqslwop2k21i.jpg"
}