{
    "arr_boxes": [
        {
            "x": 297.28086590766907,
            "y": 986.4563512802124,
            "width": 82.33070611953735,
            "height": 78.5222053527832,
            "genre": "hombre",
            "class": "zapatos"
        },
        {
            "x": 281.0749912261963,
            "y": 231.07825577259064,
            "width": 114.44350719451904,
            "height": 86.02080881595612,
            "genre": "hombre",
            "class": "sombreros"
        },
        {
            "x": 380.202419757843,
            "y": 987.9254078865051,
            "width": 139.4538402557373,
            "height": 78.03412914276123,
            "genre": "hombre",
            "class": "zapatos"
        },
        {
            "x": 304.1412591934204,
            "y": 615.4595303535461,
            "width": 165.10964155197144,
            "height": 395.5139923095703,
            "genre": "hombre",
            "class": "pantalones"
        },
        {
            "x": 228.56770813465118,
            "y": 244.9136584997177,
            "width": 239.22437131404877,
            "height": 429.3506222963333,
            "genre": "hombre",
            "class": "chaquetas"
        }
    ],
    "file_name": "5g59ab6rzz2jw1vexztdo6pi335kzm4369idjhpy7f7c03lx717a9lvdd4ulfs14.jpg"
}