{
    "arr_boxes": [
        {
            "x": 513.7607216835022,
            "y": 309.9285864830017,
            "width": 163.15405368804932,
            "height": 179.08103227615356,
            "genre": "mujer",
            "class": "camisas"
        },
        {
            "x": 565.36869764328,
            "y": 433.21083068847656,
            "width": 123.08674335479736,
            "height": 277.8554391860962,
            "genre": "mujer",
            "class": "pantalones"
        }
    ],
    "file_name": "5gy4k452y9n7w10xnn5ryd6ypab717068v6lblvueexgbj32pkodq9mmmukqbn5a.jpg"
}