{
    "arr_boxes": [
        {
            "x": 467.1583914756775,
            "y": 373.64564180374146,
            "width": 167.2390365600586,
            "height": 70.6645131111145,
            "genre": "hombre",
            "class": "gafas de sol"
        },
        {
            "x": 245.58605074882507,
            "y": 515.7168889045715,
            "width": 578.5184633731842,
            "height": 524.6958303451538,
            "genre": "hombre",
            "class": "camisas"
        }
    ],
    "file_name": "5iv1wwkjvz5osb96se8fkuwizlxgb0eezf7272opggjnokgizkm5xjw38md45vlo.jpg"
}