{
    "arr_boxes": [
        {
            "x": 676.3705658912659,
            "y": 545.2269469201565,
            "width": 81.99924945831299,
            "height": 78.87861752510071,
            "genre": "hombre",
            "class": "sombreros"
        },
        {
            "x": 665.3126978874207,
            "y": 1206.1680110692978,
            "width": 118.18422317504883,
            "height": 92.60483944416046,
            "genre": "hombre",
            "class": "zapatos"
        },
        {
            "x": 662.306478023529,
            "y": 903.6468561291695,
            "width": 139.2090940475464,
            "height": 317.24240934848785,
            "genre": "hombre",
            "class": "pantalones"
        },
        {
            "x": 622.0213294029236,
            "y": 642.9097085297108,
            "width": 215.6134271621704,
            "height": 302.34590861201286,
            "genre": "hombre",
            "class": "chaquetas"
        }
    ],
    "file_name": "5j2bwm1i498p4l41a9889ishaaj9ophvc5hghtfrtrjqsfa2k43r3rsmkss8iuxv.jpg"
}