{
    "arr_boxes": [
        {
            "x": 325.4655933380127,
            "y": 1043.1777334213257,
            "width": 124.6743106842041,
            "height": 35.67707061767578,
            "genre": "mujer",
            "class": "zapatos"
        },
        {
            "x": 269.7313070297241,
            "y": 173.37188601493835,
            "width": 105.71916103363037,
            "height": 83.05326104164124,
            "genre": "mujer",
            "class": "gafas de sol"
        },
        {
            "x": 397.177197933197,
            "y": 1003.7591743469238,
            "width": 131.1853837966919,
            "height": 73.23615074157715,
            "genre": "mujer",
            "class": "zapatos"
        },
        {
            "x": 293.36347818374634,
            "y": 531.7032516002655,
            "width": 273.5056257247925,
            "height": 529.3105709552765,
            "genre": "mujer",
            "class": "pantalones"
        },
        {
            "x": 182.83372163772583,
            "y": 244.4910979270935,
            "width": 422.7440357208252,
            "height": 396.3341689109802,
            "genre": "mujer",
            "class": "camisas"
        }
    ],
    "file_name": "5j3mt6nm5pi1e1mlzt9o84yp15c8vpkartbteoamh72q6bxbenbeih3osb643qc0.jpg"
}