{
    "arr_boxes": [
        {
            "x": 523.1167602539062,
            "y": 670.7456517219543,
            "width": 137.09238052368164,
            "height": 264.654335975647,
            "genre": "mujer",
            "class": "botas"
        },
        {
            "x": 337.8095054626465,
            "y": 278.15483808517456,
            "width": 265.733163356781,
            "height": 409.87908840179443,
            "genre": "mujer",
            "class": "abrigos"
        }
    ],
    "file_name": "5kdkwpl7ykf7r8l34wybdjfjzx6x5yxkmcwo78ghicqi3j6qvwfeumncwbgxek77.jpg"
}